1,x
0.0,-0.04944544592945373
0.0,-1.3177597186020462
0.0,-0.30902533585655456
0.0,-0.5302785780524188
0.0,-1.004163808110521
0.0,0.15439450788329506
0.0,1.7450287485273532
0.0,-1.0999891340828052
0.0,0.04463855120451876
0.0,0.42443978412864863
0.0,-0.7114812569671175
0.0,-0.45362528258994494
0.0,1.3321248543869215
0.0,-0.09647873785224828
0.0,-1.6121835985837611
0.0,0.7153810064337406
0.0,-1.2846570573857437
0.0,-1.6470275886383747
0.0,-1.390930356387897
0.0,1.379158146309716
0.0,-0.6034492158382696
0.0,-1.1574703990354689
0.0,0.6317623956180205
0.0,-0.7027571994871767
0.0,0.6875197450207559
0.0,1.4000715056578377
0.0,0.5533677713172349
0.0,0.1997038842561615
0.0,0.016759876503151038
0.0,0.5742637173769735
0.0,-0.9937158350806518
0.0,0.9784609673258478
0.0,0.5167824524243096
0.0,-0.7079811860021115
0.0,1.673599439579814
0.0,1.7067021007961165
0.0,0.23628920314908675
0.0,-0.01982544238977419
0.0,-1.042490455841758
0.0,0.8965836853484392
0.0,-0.9762851334091533
0.0,-1.4013783294177662
0.0,0.76417304048323
0.0,-0.6661718805942514
0.0,0.8652223529704485
0.0,-0.732377203026856
0.0,-0.01808411355146269
0.0,0.7589490539682952
0.0,-0.5058999743160573
0.0,0.45580111650663935
0.0,-1.490238340036804
0.0,0.6282797379413975
0.0,-1.7324049415807898
0.0,0.3913371229123464
0.0,1.5202754353664834
0.0,1.089958252842936
0.0,-1.1452810971672882
0.0,1.3460554850934134
0.0,0.9401343195946108
0.0,-0.8944078514317447
0.0,-1.2742090843558744
0.0,-1.080817103572995
0.0,-0.44491863839838713
0.0,0.028966591659714935
0.0,-0.9710611468942187
0.0,-1.2637436980376222
0.0,-1.4153263734126418
0.0,-0.09996139552887127
0.0,-1.3107944032488
0.0,-0.11389202623536361
0.0,-0.9606131738643494
0.0,-0.6975332129722421
0.0,-0.3125079935331779
0.0,0.4801971335313841
0.0,1.184042249976908
0.0,-0.8891838649168101
0.0,-0.5511919374005404
0.0,-1.0128704523020788
0.0,-1.260261040360999
0.0,0.8268957052392114
0.0,1.4505874552572553
0.0,0.7972757016995322
0.0,-1.3003290169305475
0.0,-1.0163531099787018
0.0,0.6770543587025035
0.0,0.541161056160671
0.0,-0.4902106014828703
0.0,-1.195797046766706
0.0,-0.1226160837153045
0.0,-1.0721104593814375
0.0,0.9906502691940287
0.0,-0.9954571639189632
0.0,1.5289994928464243
0.0,-0.80903049848933
0.0,-0.4257466078885772
0.0,-0.4031093329905271
0.0,0.6265384091030859
0.0,-1.0250771674586427
0.0,1.0760276221364433
0.0,-0.5267959203757957
0.0,1.2920568778173729
0.0,-0.7811692370763453
0.0,-0.10518538204380609
0.0,0.6840196740557498
0.0,1.0638209069798794
0.0,1.6422381072018233
0.0,0.8443089936223268
0.0,-1.4188090310892647
0.0,1.643979436040135
0.0,0.2850638239101931
0.0,-1.439704977149003
0.0,-1.2271583791446967
0.0,-0.7585145488899122
0.0,0.8007583593761552
0.0,1.5324821505230473
0.0,1.1404916157307365
0.0,-0.2567680574188255
0.0,-1.2620023691993105
0.0,0.9627715944926609
0.0,0.06555191055264048
0.0,1.3007635220089306
0.0,-1.0895237477645527
0.0,1.1718355348203442
0.0,-0.47976262845300116
0.0,-0.45884926910487944
0.0,-0.38219597364240554
0.0,-0.8334265155140747
0.0,-1.153987741358846
0.0,-0.26373337277207154
0.0,0.44361181463845856
0.0,0.09691324293063121
0.0,1.6143594325004555
0.0,-1.7097502533943565
0.0,-0.5041586454777457
0.0,-0.16790804679978755
0.0,1.7119260873110513
0.0,1.0028569843505926
0.0,-0.16268406028485305
0.0,-0.9257691838097355
0.0,1.7084434296344284
0.0,-1.3891890275495855
0.0,0.3651997770492902
0.0,0.10213722944556602
0.0,0.23454787431077523
0.0,0.6666063856726345
0.0,0.0028292457966587158
0.0,-0.46931465542313183
0.0,1.3495555560584203
0.0,1.5899634154757107
0.0,1.4366568245507632
0.0,-0.7480665758600431
0.0,-1.6609756326332505
0.0,-1.2585197115226874
0.0,0.1735665383931053
0.0,-1.5599263201460318
0.0,0.4087678245838448
0.0,1.2624368742776935
0.0,1.4558288550605731
0.0,-1.5494783471161628
0.0,1.0812516086513781
0.0,-0.870011834407
0.0,1.7136674161493626
0.0,-0.20101070801609008
0.0,-0.4187812925353311
0.0,-0.6574652364026936
0.0,0.1909798267762206
0.0,1.6352727918485772
0.0,-0.3264560375280533
0.0,0.07077589706757498
0.0,-1.6104422697454497
0.0,0.4993517507528109
0.0,0.4784558046930726
0.0,0.5882117613718489
0.0,0.8042410170527785
0.0,-0.8978905091083678
0.0,0.12477450434361585
0.0,-0.8543398748621962
0.0,0.41921579761371414
0.0,1.5063448046599908
0.0,1.7293393756941664
0.0,0.8356023494307693
0.0,1.5150514488515485
0.0,0.7990170305378437
0.0,-1.1940557179283944
0.0,-0.059893418959322736
0.0,-1.0303011539735774
0.0,0.5812464460186025
0.0,1.1369915447657304
0.0,-1.1975557888934005
0.0,-1.3421557356267908
0.0,1.4993794893067447
0.0,-0.49891724567442797
0.0,1.6492034225550694
0.0,0.6735717010258805
0.0,1.3739341597947812
0.0,-1.478049038168623
0.0,0.9714956519726018
0.0,1.6718581107415027
0.0,-0.124357412553616
0.0,-0.09473740901393678
0.0,-0.27940533231687537
0.0,-0.7341185318651675
0.0,-0.7654798642431584
0.0,0.4157331399370908
0.0,0.633503724456332
0.0,0.6108490362698987
0.0,0.2868051527485046
0.0,0.7763623423514104
0.0,-1.2376237654629492
0.0,1.0585969204649446
0.0,0.10561988712218902
0.0,-0.6940505552956191
0.0,-0.11215069739705211
0.0,0.809465003567713
0.0,1.1160955987059917
0.0,1.0289769169252656
0.0,0.0759998835825098
0.0,0.4070264957455333
0.0,-0.3316800240429878
0.0,-0.16094273144654153
0.0,1.189266236491843
0.0,0.3617171193726669
0.0,-0.39962667531390406
0.0,-0.6748959380741921
0.0,1.7345807754974842
0.0,0.9889089403557171
0.0,0.7415183522967967
0.0,0.02374260514478043
0.0,-0.8769771497602462
0.0,0.5638157443471041
0.0,-1.253295725007753
0.0,1.4802074587969347
0.0,-1.1121784359509859
0.0,0.19796255541785002
0.0,-1.3247250339552923
0.0,-0.7759278372730276
0.0,1.5167927776898604
0.0,1.4209848650059593
0.0,-1.3735170680047817
0.0,0.678795687540815
0.0,0.9819436250024708
0.0,-1.6348382867701943
0.0,-0.6365518770545721
0.0,1.6805647549330607
0.0,1.5028621469833676
0.0,1.4279501803592054
0.0,-1.1034717917594281
0.0,-0.8560812037005078
0.0,0.2937704681017506
0.0,0.21711717263927685
0.0,1.1021475547111168
0.0,0.3826304787207886
0.0,0.26939186436538926
0.0,0.22234115915421135
0.0,1.0411836320818295
0.0,-1.5303063166063524
0.0,0.44011174367345246
0.0,1.7363221043357961
0.0,-0.8264612001608285
0.0,-0.8421331597056323
0.0,-1.5947703102006459
0.0,-0.14177070093673133
0.0,0.03767323585127275
0.0,-1.073851788219749
0.0,0.05682785307269959
0.0,1.2049381960366468
0.0,-1.589546323685711
0.0,1.18578357881522
0.0,-1.1627117988387867
0.0,-1.7254396262275435
0.0,-0.43795332304514095
0.0,0.9697543231342903
0.0,-0.14351202977504282
0.0,-0.2149413387225821
0.0,-0.9501477875460972
0.0,-0.8822011362751809
0.0,0.8425676647840152
0.0,-1.2358824366246377
0.0,-0.08428943598406746
0.0,1.7223740603409203
0.0,0.6474343551628243
0.0,0.2606678068854484
0.0,-0.5076413031543688
0.0,1.2711435184692512
0.0,1.2275928842230797
0.0,1.100406225872805
0.0,1.049890276273387
0.0,0.9436169772712341
0.0,0.7118983487571175
0.0,1.1387502868924246
0.0,-1.1661944565154099
0.0,-0.965837160379284
0.0,-0.38741996015734015
0.0,0.15787716555991838
0.0,0.3895957940740346
0.0,1.1126129410293688
0.0,-1.4275156752808225
0.0,0.5672984020237272
0.0,-0.5093826319926804
0.0,-1.5860636660090879
0.0,1.5446714523912282
0.0,1.6561687379083159
0.0,-0.9396998145162279
0.0,1.448846126418944
0.0,-1.6418036021234403
0.0,0.8791529836769408
0.0,-0.6156559309948335
0.0,-0.5564159239154751
0.0,-1.3508623798183483
0.0,-1.5390129607979104
0.0,-0.025049428904709008
0.0,0.4035264247805269
0.0,0.004570574634970217
0.0,-1.432739661795757
0.0,-0.37523065828915936
0.0,-0.709739928128806
0.0,0.9802022961641593
0.0,-1.704526266879422
0.0,-0.9989398215955865
0.0,0.6038837209166528
0.0,-1.2393650943012606
0.0,1.0220116015720193
0.0,-0.9902331774040287
0.0,0.8930836143834331
0.0,0.5603330866704812
0.0,-0.5703639679103505
0.0,-1.681871578692989
0.0,-0.09822006669055978
0.0,-0.47802129961468953
0.0,-0.004136069556587292
0.0,-1.3630516816865292
0.0,-0.3194733088864239
0.0,-1.1679357853537213
0.0,-0.7602558777282238
0.0,0.20144521309447302
0.0,-0.5163479473459266
0.0,1.0133049573804618
0.0,0.33557977350961066
0.0,-1.141798439490665
0.0,-0.6400519480195782
0.0,-1.4797903670069346
0.0,0.5446437138372943
0.0,-1.1086957782743627
0.0,-1.5912876525240225
0.0,-1.6522689884416928
0.0,-0.920545197294801
0.0,-1.4658423230120592
0.0,-0.3909026178339632
0.0,0.4226984552903371
0.0,0.35475180401942086
0.0,0.7066743622421827
0.0,0.3582344616960439
0.0,1.103906296837811
0.0,-0.8647878478920654
0.0,1.3373488409018564
0.0,-1.424033017604199
0.0,0.08818918545069031
0.0,1.3216768813570525
0.0,-0.08078936501906138
0.0,0.5568504289938582
0.0,1.084734266328001
0.0,-0.8160132271309591
0.0,-1.1330917952991073
0.0,0.6805370163791264
0.0,1.6788234260947488
0.0,0.0934305852540082
0.0,1.6997367854428704
0.0,0.774621013513099
0.0,-0.6888265687806845
0.0,0.49586909307618793
0.0,-1.3125357320871114
0.0,0.5916944190484719
0.0,0.12303317550530435
0.0,0.8338610205924577
0.0,-1.192314389090083
0.0,-0.9780264622474648
0.0,1.570808798254284
0.0,0.5777463750535965
0.0,-1.199297117731712
0.0,-0.9867331064390226
0.0,-0.5860359274551543
0.0,-1.0912650766028642
0.0,-0.7498079046983546
0.0,-0.030273415419643512
0.0,-1.4205503599275762
0.0,0.636986382132955
0.0,-0.6539825787260706
0.0,-0.3107666646948661
0.0,0.34082117331292855
0.0,-0.07730670734243807
0.0,0.7397770234584853
0.0,1.4697594857670653
0.0,-0.1295813990685505
0.0,0.13349856182355674
0.0,-1.2201930637914506
0.0,-0.05292810360607673
0.0,-0.9327344991629817
0.0,0.5324544119691135
0.0,0.3129424986115608
0.0,-1.0790757747346833
0.0,-0.3456106547494801
0.0,0.1840145114229743
0.0,-1.5529610047927858
0.0,-1.5163756858998603
0.0,1.739804762012419
0.0,-0.2759226746402524
0.0,-1.1174024224659205
0.0,1.0795102798130662
0.0,-0.5477092797239173
0.0,-0.3212146377247354
0.0,1.1910075653301542
0.0,-1.37177573916647
0.0,0.863481024132137
0.0,-1.4919796688751155
0.0,1.7032194431194936
0.0,0.5969184055634064
0.0,1.3948475191429028
0.0,1.0063396420272155
0.0,0.32164914280311835
0.0,0.6910024026973789
0.0,1.4262088515208937
0.0,-0.4971759168361165
0.0,1.387882203789657
0.0,-0.18183867750627988
0.0,-0.2393373557473268
0.0,-1.7184568975859145
0.0,1.2154035823548988
0.0,0.7502249964883546
0.0,-1.244589080816195
0.0,-0.3246972954013584
0.0,0.6004010632400297
0.0,-1.2288997079830082
0.0,-0.42226395021195406
0.0,-0.6452759345345129
0.0,-0.09299608017562527
0.0,-0.2358546980707038
0.0,-1.5111516993849257
0.0,0.3112011697732493
0.0,-1.173159771868656
0.0,0.16311856536323596
0.0,-0.2672160304486945
0.0,-0.05815209012101123
0.0,1.5115687911749256
0.0,-0.22888938271745782
0.0,-0.131322727906862
0.0,-0.5250545915374842
0.0,-1.3613103528482178
0.0,1.365227515603224
0.0,0.4610251030215742
0.0,-1.4606183364971248
0.0,0.10736121596050052
0.0,-0.014601455874839686
0.0,-0.27069868812531783
0.0,-0.6313278905396373
0.0,-0.8369091731906977
0.0,0.7519663253266661
0.0,1.3077288373621767
0.0,-0.6957918841339307
0.0,-1.3961543429028316
0.0,1.3704515021181582
0.0,-0.2219240673642115
0.0,-1.0215770964936364
0.0,-1.5686329643375896
0.0,0.006311903473282029
0.0,0.8861182990301868
0.0,-1.4641009941737477
0.0,-1.0059051369488325
0.0,1.4035541633344608
0.0,-0.904855824461614
0.0,1.4958968316301218
0.0,-0.572105296748662
0.0,0.732811708105239
0.0,1.5237755063314895
0.0,0.5272304254541786
0.0,-0.9571305161877264
0.0,-0.7724451795964046
0.0,-1.425774346442511
0.0,-1.0564210865482504
0.0,-0.728894545350233
0.0,0.8373436782690807
0.0,1.2362995284146374
0.0,0.5063170661060572
0.0,1.1282849005741726
0.0,0.046379880042830265
0.0,-0.3072840070182431
0.0,1.4418808110656975
0.0,-0.021566771228085695
0.0,0.5951770767250949
0.0,-0.5790706121019081
0.0,-1.4884970111984925
0.0,0.905290329539997
0.0,0.7537076541649775
0.0,-0.2306307115557693
0.0,-1.0024224792722094
0.0,-0.6278452328630144
0.0,0.713639677595429
0.0,-0.34386932591116864
0.0,0.7084156910804945
0.0,-0.6644305517559398
0.0,-1.2236757214680738
0.0,-0.127840070230239
0.0,0.4732144048897547
0.0,1.57777411360753
0.0,-1.582581008332465
0.0,-1.6644582903098735
0.0,1.401812834496149
0.0,1.6317901341719543
0.0,-1.5076516284199193
0.0,0.008053232311593531
0.0,0.2798398373952583
0.0,0.17008388071648198
0.0,1.4941555027918099
0.0,0.6056250497549642
0.0,0.8739289971620063
0.0,-1.4501703634672554
0.0,-0.4745386419380665
0.0,-1.2306410368213196
0.0,0.3686824347259132
0.0,1.030718245763577
0.0,1.567326140577661
0.0,1.1230609140592378
0.0,0.6352450532946434
0.0,-0.380454644804094
0.0,-0.27418134580194087
0.0,-1.1296091376224844
0.0,1.650944751393381
0.0,-0.7410838472184137
0.0,-0.13828804326010832
0.0,-0.03549740193457802
0.0,1.5969461441173405
0.0,0.8216543054358939
0.0,1.0359596455668947
0.0,0.5585917578321696
0.0,1.4767248011203118
0.0,-1.4989449842283618
0.0,-0.9379584856779163
0.0,-1.0825584324113064
0.0,0.6021423920783412
0.0,-1.1557290701971574
0.0,0.2833224950718816
0.0,1.3303835255486096
0.0,0.8024996882144667
0.0,-0.3142493223714894
0.0,0.204927870771096
0.0,0.015018547664839538
0.0,1.497638160468433
0.0,1.6683754530648798
0.0,1.4871901874385638
0.0,-0.15047734512828914
0.0,1.6248074055303252
0.0,0.22408248799252284
0.0,-1.1644531276770982
0.0,0.4366290859968295
0.0,-1.1818664160602137
0.0,1.206679524874958
0.0,0.6300210667797089
0.0,1.2816089047875039
0.0,-1.444946376952321
0.0,-1.714974239909291
0.0,1.6195834190153904
0.0,-1.4379636483106915
0.0,-0.6052079579649644
0.0,0.11258520247543503
0.0,-1.2829157285474322
0.0,0.6439516974862013
0.0,0.9610302656543493
0.0,-0.16616671796147606
0.0,-0.5651225681070328
0.0,-1.2863983862240551
0.0,-0.26547470161038306
0.0,-0.2254067250408345
0.0,1.398330176819526
0.0,-1.4954623265517384
0.0,-0.18009734866796837
0.0,1.464535499252131
0.0,-0.7794279082380338
0.0,-1.180125087221902
0.0,0.9227036179231124
0.0,1.4087781498493956
0.0,0.31468382744987233
0.0,-0.7637385354048469
0.0,-1.493720997713427
0.0,1.2850915624641268
0.0,-0.8107718273276414
0.0,-1.345638393303414
0.0,-0.476279970776378
0.0,-0.3665240140976017
0.0,1.2554715589244474
0.0,0.018501205341462542
0.0,-1.023335838620331
0.0,-1.1696771141920328
0.0,1.3390901697401674
0.0,-1.2149690772765158
0.0,0.4627664318598857
0.0,1.652686080231693
0.0,-1.6923369650112412
0.0,1.5011208181450566
0.0,-0.49195193032118184
0.0,0.021983863018085855
0.0,-1.3996370005794545
0.0,-0.9693198180559072
0.0,-0.7376011895417907
0.0,-0.08777209366069046
0.0,0.0010879169583472138
0.0,-0.8595638613771309
0.0,-0.6818612534274383
0.0,1.2537302300861362
0.0,0.29028781042512763
0.0,1.375675488633093
0.0,-0.26199204393376
0.0,-1.7306636127424784
0.0,0.5045757372677457
0.0,0.3930784517506579
0.0,-0.9222865261331125
0.0,-1.176642429545279
0.0,-1.727180955065855
0.0,-1.3491210509800369
0.0,0.6578997414810767
0.0,-0.7829105659146569
0.0,-1.3386730779501677
0.0,-1.6679409479864966
0.0,-0.7916172101062147
0.0,-1.314277060925423
0.0,-0.17139070447641055
0.0,0.23803053198739824
0.0,0.7868103153812798
0.0,1.5185341065281714
0.0,-0.26895735928700604
0.0,0.7345530369435505
0.0,1.1439742734073595
0.0,1.6944953856395526
0.0,-0.5842945986168429
0.0,0.37218250569091926
0.0,-1.1888317314134598
0.0,-0.5320199068907304
0.0,0.8826356413535638
0.0,-0.9971984927572749
0.0,-0.7010158706488653
0.0,1.6840474126096836
0.0,-0.6522412498877591
0.0,0.3024945255816915
0.0,0.0812238700974443
0.0,-1.3404144067884791
0.0,0.21015185728603053
0.0,0.5829877748569144
0.0,0.5551091001555464
0.0,-1.620907656063702
0.0,-1.6940782938495527
0.0,-1.4850143535218694
0.0,-0.8020651831360838
0.0,-0.3229559665630469
0.0,0.8181716477592705
0.0,-1.5878049948473996
0.0,1.1561635752755404
0.0,1.1300262294124845
0.0,1.4070368210110837
0.0,1.4296915091975166
0.0,1.0098222997038384
0.0,0.2571851492088254
0.0,-1.1052131205977396
0.0,1.0708036356215085
0.0,1.5133101200132373
0.0,0.051603866557765075
0.0,0.05858659519939416
0.0,0.5341957408074249
0.0,0.6247970802647744
0.0,1.278126247110881
0.0,-0.5773292832635967
0.0,-1.1017304629211166
0.0,-1.6017356255538917
0.0,-1.6888543073346183
0.0,0.7659143693215414
0.0,-0.8212372136458939
0.0,1.459311512737196
0.0,-1.6400622732851289
0.0,-0.6243625751863912
0.0,-1.2097450907615814
0.0,-0.48498661496793566
0.0,-0.648758592211136
0.0,-1.723698297389232
0.0,-0.3369040105579223
0.0,0.09167184312731362
0.0,-1.1505050836822228
0.0,-1.6540103172800042
0.0,1.3356075120635444
0.0,-1.5512196759544743
0.0,-1.1278678087841727
0.0,0.14394653485342607
0.0,-1.3212423762786691
0.0,-1.3647930105248407
0.0,1.356520871411666
0.0,0.24673717617895607
0.0,-0.3543172989410378
0.0,1.0272355880869541
0.0,1.0202702727337079
0.0,1.1753356057853503
0.0,-0.824719871322517
0.0,-1.3316903493085384
0.0,-0.613914602156522
0.0,0.8896009567068102
0.0,-0.8072891696510185
0.0,1.6457207648784462
0.0,-0.6853439111040613
0.0,0.579487703891908
0.0,0.13523989066186826
0.0,0.5359370696457365
0.0,-1.631355629093571
0.0,0.4645077606981972
0.0,-1.5755982796908357
0.0,-0.5755879544252851
0.0,-1.2480717384928184
0.0,0.20318654193278451
0.0,-1.1104371071126742
0.0,0.22930647450745767
0.0,0.3007357834549969
0.0,-0.26025071509544856
0.0,0.9139969737315545
0.0,-1.5442369473128448
0.0,-1.662716961471562
0.0,-1.5181170147381717
0.0,-1.3804823833580278
0.0,-1.6452862598000633
0.0,-0.7863932235912799
0.0,-1.6174249983870788
0.0,1.2955395354939958
0.0,0.9592889368160379
0.0,-1.4170677022509532
0.0,-1.4972036553900503
0.0,-0.16964937563809904
0.0,-0.34909331242610314
0.0,-1.5059102995816078
0.0,-1.5965116390389573
0.0,1.7241153891792322
0.0,0.9470996349478571
0.0,-0.7933585389445261
0.0,1.170094205982033
0.0,-0.023308100066397504
0.0,-1.448429034628944
0.0,-1.3038290878955539
0.0,-0.9588718450260378
0.0,0.901807671863374
0.0,-0.24107868458563833
0.0,0.3739238345292308
0.0,-1.5668916354992781
0.0,1.7014781142811817
0.0,-0.45188395375163326
0.0,0.45057712999170485
0.0,-1.5581849913077201
0.0,-0.9797677910857764
0.0,-1.6069596120688265
0.0,1.3843995461130338
0.0,0.4139918110987793
0.0,-0.13654671442179683
0.0,1.2450235858945784
0.0,1.173594276947039
0.0,1.086475595166313
0.0,-0.40833331950546176
0.0,-0.012860127036528186
0.0,-1.0599211575132566
0.0,-1.3264663627936037
0.0,0.8878596278684986
0.0,-1.2707264266792513
0.0,0.3320971158329877
0.0,-1.532047645444664
0.0,1.0620795781415682
0.0,-0.5633812392687213
0.0,-1.3020877590572422
0.0,0.7937930440229092
0.0,1.7380634331741072
0.0,-1.5721156220142125
0.0,-1.6783889210163658
0.0,0.812947661244336
0.0,1.1683528771437213
0.0,-0.9553891873494149
0.0,-0.4884692726445588
0.0,1.4157434652026415
0.0,0.9070316583783086
0.0,-1.7358875992574128
0.0,0.6596410703193881
0.0,0.1822731825846628
0.0,0.19446248445284361
0.0,0.40004376710390394
0.0,-1.5930289813623342
0.0,0.5080583949443688
0.0,-0.5581572527537866
0.0,1.6091354459855207
0.0,0.0864478566123788
0.0,-0.39438527551058633
0.0,1.6544274090700042
0.0,0.4941277642378764
0.0,1.016787615057085
0.0,0.8564982954905076
0.0,-1.0320424828118888
0.0,1.272884847307563
0.0,0.5254890966158672
0.0,0.5986597344017183
0.0,-1.5547023336310972
0.0,-0.5372613066940481
0.0,0.537678398484048
0.0,-0.29683603398837405
0.0,-1.627872971416948
0.0,-0.25152665761550763
0.0,0.6213144225881512
0.0,-1.3473797221417254
0.0,-1.483273024683558
0.0,0.1596184943982299
0.0,-1.0860410900879296
0.0,0.7380356946201737
0.0,0.25370249153220237
0.0,1.4453634687423211
0.0,0.8669636818087599
0.0,1.0533729339500104
0.0,0.47671447585476107
0.0,-1.720215639712609
0.0,-0.9536478585111032
0.0,-0.5024173166394342
0.0,-1.29162237273899
0.0,-0.1992693791777783
0.0,-1.058179828674945
0.0,-0.15397741609329524
0.0,-0.1260987413919275
0.0,1.2310755418997026
0.0,0.4105091534221563
0.0,-0.9344758280012934
0.0,0.4749557337280665
0.0,1.3286421967102984
0.0,0.29899445461668545
0.0,-0.06685873431256906
0.0,-0.8630465190537538
0.0,-0.4484012960750103
0.0,1.485431445311869
0.0,-0.223665396202523
0.0,-0.4623319267815026
0.0,-0.7968411966211493
0.0,0.3564931328577324
0.0,-0.5215719338608612
0.0,0.6892610738590674
0.0,0.6613823991576997
0.0,0.25892647804713687
0.0,0.060327924037705975
0.0,-1.0877824189262413
0.0,-0.5738466255869735
0.0,0.9209622890848008
0.0,-1.1139197647892973
0.0,-0.05118677476776523
0.0,-0.3717480006125364
0.0,-0.45536661142825646
0.0,0.06729323939095198
0.0,-0.04594537496444734
0.0,0.9192209602464894
0.0,0.8530156378138846
0.0,0.9174796314081778
0.0,0.859998366455514
0.0,1.1248022428975497
0.0,0.44535314347677035
0.0,1.2136622535165875
0.0,1.3112114950387996
0.0,0.41747446877540234
0.0,-0.19404539266284376
0.0,-1.5982529678772688
0.0,0.3059771832583145
0.0,-0.31773198004811243
0.0,0.5028344084294343
0.0,-0.5668638969453442
0.0,0.9314276754030533
0.0,-1.6365796156085057
0.0,-1.5041689707432964
0.0,0.25021983385557905
0.0,-0.1104093685587406
0.0,1.1979728806834007
0.0,-0.3020600205033086
0.0,0.3791478210441656
0.0,-0.8578225325388192
0.0,1.3547795425733544
0.0,-1.1313504664607958
0.0,-1.0634038151898795
0.0,0.048121208881142075
0.0,-0.17835601982965688
0.0,-0.29335337631175074
0.0,1.560360825224415
0.0,-0.9083384821382371
0.0,0.8251543764009
0.0,0.7850689865429683
0.0,1.0185289438953964
0.0,-0.5999665581616467
0.0,-1.43622231947238
0.0,0.2658917934003829
0.0,-1.669682276824808
0.0,-0.49369325915949336
0.0,-1.5790809373674588
0.0,1.6370141206868891
0.0,0.3634584482109784
0.0,-0.2114586810459591
0.0,0.6178317649115281
0.0,1.5551194254210972
0.0,0.1683425518781705
0.0,0.27635717971863527
0.0,1.366968844441535
0.0,1.6753407684181258
0.0,-0.8665291767303771
0.0,-1.1470224260055997
0.0,0.33383844467129914
0.0,-1.6871129784963064
0.0,0.3843718075591001
0.0,0.7014503757272482
0.0,1.4349154957124515
0.0,-0.08951342249900196
0.0,-1.4414637192756978
0.0,0.7101570199188061
0.0,0.34952781750448636
0.0,0.44709447231508187
0.0,1.074286293298132
0.0,-0.14699468745166613
0.0,-0.8804598074368694
0.0,-0.07556537850412656
0.0,0.17530786723141678
0.0,0.06206925287601747
0.0,-0.7132225858054292
0.0,-0.42922926556520025
0.0,-0.5912599139700889
0.0,-1.3282076916319152
0.0,-0.4605905979431911
0.0,1.7275980468558552
0.0,1.107388954514434
0.0,0.2780985085569468
0.0,0.8233956342742054
0.0,0.7450010099734198
0.0,1.0986648970344932
0.0,-0.1086680397204291
0.0,0.3704237635642247
0.0,0.11955051782868134
0.0,-1.547737018277851
0.0,0.95058229262448
0.0,-0.7463252470217314
0.0,0.29725312577837393
0.0,0.30945984093493784
0.0,-0.18532133518290286
0.0,-0.08603076482237895
0.0,0.08993051428900212
0.0,0.6195730937498396
0.0,1.3600035290882893
0.0,0.7833276577046568
0.0,-0.19578672150115528
0.0,1.177076934623662
0.0,-0.25500931529213067
0.0,-0.4571079402665679
0.0,-0.4867279438062472
0.0,-0.9449238010311625
0.0,-1.275950413194186
0.0,-1.605218283230515
0.0,1.1509395887606055
0.0,-0.962354502702661
0.0,-1.0477144423566926
0.0,-1.429257004119134
0.0,0.0794825412591328
0.0,1.286832891302438
0.0,0.7049330334038713
0.0,0.668347714510946
0.0,-0.6992745418105536
0.0,-1.6296143002552594
0.0,0.5220064389392441
0.0,-0.2166826675608939
0.0,0.8582396243288191
0.0,1.5359648081996702
0.0,-1.2515543961694415
0.0,-1.673164934501431
0.0,1.7049607719578046
0.0,-0.5825532697785312
0.0,1.6666341242265679
0.0,0.7798450000280338
0.0,-0.03375607309626651
0.0,1.001115655512281
0.0,-0.4501426249133218
0.0,-1.4031196582560779
0.0,-0.13480538558348532
0.0,-0.9414411433545394
0.0,-0.559898581592098
0.0,-0.4118159771820849
0.0,1.4122608075260186
0.0,1.0551142627883217
0.0,-0.4675733265848203
0.0,-1.0180944388170134
0.0,0.1770491960697283
0.0,-0.29857736282668557
0.0,1.1195782563826149
0.0,-0.6626892229176282
0.0,-1.537271631959599
0.0,-1.0093877946254557
0.0,1.5917221576024057
0.0,-0.04770411709114192
0.0,-0.6836025822657498
0.0,1.6056527883088978
0.0,-1.5808396794941535
0.0,-0.25850938625713704
0.0,0.9105143160549315
0.0,1.6039114594705866
0.0,-0.4240052790502656
0.0,-0.8682705055686886
0.0,0.4871624488846304
0.0,0.572522388538662
0.0,-1.716715568747603
0.0,-1.0459731135183812
0.0,-1.241106423139572
0.0,0.12129184666699284
0.0,0.33907984447461703
0.0,1.3025048508472419
0.0,-0.5337612357290419
0.0,1.3164528948421177
0.0,1.5307408216847354
0.0,-0.5355199778557366
0.0,-0.25326798645381915
0.0,-1.4588770076588133
0.0,-0.17661469099134536
0.0,1.008080970865527
0.0,-1.2881397150623668
0.0,-1.1522464125205343
0.0,1.5377061370379814
0.0,0.07425855474419829
0.0,-0.8386505020290094
0.0,0.6125903651082105
0.0,0.03244924933633794
0.0,-0.3978853464755926
0.0,1.305987508523865
0.0,-0.4100746483437732
0.0,0.43488775715851796
0.0,0.35997579053435536
0.0,0.8199129765975823
0.0,1.7188914026642974
0.0,-0.82820252899914
0.0,-1.6975609515261758
0.0,-1.1156610936276088
0.0,0.4889037777229419
0.0,0.5498851136406119
0.0,1.194490223006777
0.0,-1.1435397683289765
0.0,-0.984991777600711
0.0,-0.9118211398148601
0.0,-1.3578276951715946
0.0,-0.14873601628997765
0.0,0.4017850959422154
0.0,1.0446662897584527
0.0,0.02548393398309193
0.0,1.6596513955849388
0.0,-1.573856950852524
0.0,0.02024253417977435
0.0,0.12827457530862194
0.0,0.16660122303985897
0.0,1.5986874729556517
0.0,0.5429023849989825
0.0,-0.5233132626991727
0.0,1.4471047975806324
0.0,-0.0006534118799642881
0.0,-1.4693249806886826
0.0,0.1787905249080398
0.0,1.257212887762759
0.0,1.743287419689042
0.0,-0.36130002758266705
0.0,-0.7254118876736099
0.0,-0.5111239608309919
0.0,0.3756651633675423
0.0,0.5202651101009327
0.0,1.1648702194670981
0.0,0.4592837741832624
0.0,-0.8874425360784987
0.0,-0.7619972065665352
0.0,0.2519611626938906
0.0,0.21363451496265384
0.0,-0.3403866682345456
0.0,-0.8438744885439439
0.0,-0.633069219377949
0.0,1.6108767748238326
0.0,1.3774168174714048
0.0,0.9558062791394148
0.0,0.2676505355270778
0.0,-0.35954128545597247
0.0,-1.5337889742829756
0.0,-0.44665996723669876
0.0,1.208438267001653
0.0,0.14742919253004907
0.0,-0.2898533053467447
0.0,-1.528564987768041
0.0,-0.5930012428084005
0.0,1.5864807577990878
0.0,-0.6295865617013259
0.0,-1.0930238187295587
0.0,-1.2689850978409398
0.0,-0.594742571646712
0.0,-0.1069267108821176
0.0,-0.30380134934162006
0.0,-0.227148053879146
0.0,-1.6557516461183157
0.0,0.6561584126427652
0.0,1.2397821860912606
0.0,-0.009360056071522106
0.0,-0.2097173522076476
0.0,-0.38916128899565167
0.0,0.3878544652357231
0.0,1.7467700773656651
0.0,-1.728922283904167
0.0,0.011535889988216533
0.0,1.265919531954317
0.0,-1.2776917420324976
0.0,0.997615584547275
0.0,1.4523461973839502
0.0,-0.9640958315409726
0.0,0.009794561149905031
0.0,0.14046387717680275
0.0,-0.27766400347856385
0.0,1.3826582172747222
0.0,-1.2062624330849583
0.0,0.6422103686478897
0.0,0.9767196384875363
0.0,-1.1905730602517712
0.0,-1.4763077093303116
0.0,0.26415046456207136
0.0,0.3774064922058541
0.0,-0.7358598607034792
0.0,-1.6487689174766866
0.0,0.9680129942959784
0.0,-0.47105598426144335
0.0,-0.2846293188318102
0.0,0.6631237279960112
0.0,0.20666919960940752
0.0,0.2955117969400624
0.0,-0.9170451263297947
0.0,-0.044204046126135835
0.0,-0.5982252293233351
0.0,-1.0407491270034466
0.0,-0.8456158173822554
0.0,-1.1783837583835906
0.0,-1.7027849380411106
0.0,-0.5442266220472942
0.0,-1.674906263339743
0.0,-0.16442538912316454
0.0,1.361744857926601
0.0,-0.29509470515006225
0.0,1.4924141739534986
0.0,-1.0268184962969542
0.0,-0.13306405674517383
0.0,-0.8003238542977723
0.0,-0.4152986348587079
0.0,1.581256771284153
0.0,0.11432653131374654
0.0,0.3530104751811094
0.0,-1.3090530744104885
0.0,0.7310703792669274
0.0,0.22756514566914615
0.0,-0.37000667177422486
0.0,1.299022193170619
0.0,-0.8839598784018754
0.0,-1.4675836518503707
0.0,-0.06163474779763424
0.0,-0.24978532877719614
0.0,0.5481437848023003
0.0,-0.6470172633728244
0.0,-0.5424852932089828
0.0,0.9836849538407826
0.0,-0.74458391818342
0.0,1.5882220866373997
0.0,-1.7062675957177336
0.0,-1.5146343570615486
0.0,0.6091077074315873
0.0,0.4923864353995649
0.0,1.6927540568012414
0.0,-0.12087475487699299
0.0,-0.028532086581332012
0.0,1.6857887414479948
0.0,-1.4048609870943893
0.0,0.24847850501726756
0.0,-0.007618727233210295
0.0,1.670116781903191
0.0,1.1491982599222943
0.0,-0.6801199245891268
0.0,-1.4222916887658876
0.0,-1.211486419599893
0.0,-0.8717531632453116
0.0,1.2606955454393822
0.0,1.2415235149295722
0.0,1.551636767744474
0.0,1.732839446659173
0.0,-0.8351678443523862
0.0,1.720632731502609
0.0,0.12651583318192736
0.0,-0.9065971532999254
0.0,-1.4623596653354363
0.0,0.42966377064358313
0.0,0.34604515982786305
0.0,-1.708008924556045
0.0,0.9383929907562992
0.0,0.13175723298524525
0.0,1.6979954566045588
0.0,-0.7846518947529685
0.0,0.9453583061095455
0.0,-0.5895185851317774
0.0,1.09518223935787
0.0,0.03941456468958426
0.0,1.1596462329521633
0.0,0.8843769701918753
0.0,-0.06511740547425755
0.0,1.541188794714605
0.0,-1.2428477519778836
0.0,-0.3473519835877916
0.0,1.096923568196182
0.0,-1.3438970644651023
0.0,-1.6905956361729297
0.0,1.3478142272201084
0.0,-0.9745438045708417
0.0,1.657910066746627
0.0,0.6822783452174384
0.0,-1.3369317491118562
0.0,-1.6714236056631195
0.0,-0.43098800769189494
0.0,0.0847065277740673
0.0,0.6997090468889368
0.0,-0.9188038684564893
0.0,1.2119209246782758
0.0,1.6910127279629297
0.0,-0.5390026355323596
0.0,1.4749834722819999
0.0,-0.6226212463480797
0.0,1.2467649147328896
0.0,0.3861131363974116
0.0,0.2815811662335701
0.0,0.729329050428616
0.0,0.9244449467614239
0.0,1.1474569310839826
0.0,0.5289717542924904
0.0,1.4383981533890744
0.0,-0.3421279970728571
0.0,1.0568555916266333
0.0,-1.4571356788205017
0.0,-0.07034139198919205
0.0,0.33035578699467616
0.0,-0.3055426781799316
0.0,1.1927488941684659
0.0,-0.2079760233693361
0.0,-0.14525335861335434
0.0,-1.471066309526994
0.0,1.5220341774931776
0.0,1.3582622002499773
0.0,-0.8491158883472616
0.0,0.24151318966402155
0.0,0.44187048580014704
0.0,1.196231551845089
0.0,-1.5564436624694087
0.0,0.7815863288663453
0.0,0.7781036711897223
0.0,-0.7149639146437407
0.0,1.3443141562551022
0.0,0.2554438203705139
0.0,-1.6435449309617518
0.0,-1.4728076383653055
0.0,-1.0337838116502003
0.0,1.6474620937167581
0.0,-1.3752583968430931
0.0,1.563843482901038
0.0,0.21885850147758834
0.0,1.556878167547792
0.0,-1.7219569685509204
0.0,0.03070792049802644
0.0,1.5847394289607766
0.0,0.11084387363712353
0.0,-0.9484064587077855
0.0,-1.295105030415613
0.0,0.576005046215285
0.0,-0.17487336215303387
0.0,1.2833502336258151
0.0,-0.2027520368544016
0.0,1.042924960920141
0.0,1.5533780965827853
0.0,-0.6504999210494474
0.0,-1.1348331241374188
0.0,1.2293342130613913
0.0,-1.2794330708708093
0.0,1.1108716121910571
0.0,0.5655570731854157
0.0,0.7693970269981645
0.0,-1.4745489672036172
0.0,-0.9135624686531716
0.0,-0.6208799175097682
0.0,1.7171500738259855
0.0,1.5429301235529163
0.0,-0.7776691661113392
0.0,1.3634861867649122
0.0,-0.11913342603868149
0.0,-0.8857012072401871
0.0,1.4192435361676476
0.0,0.304235854420003
0.0,-1.4815316958452465
0.0,1.2328168707380145
0.0,1.6230660766920133
0.0,-1.0355251404885117
0.0,-0.07382404966581506
0.0,1.5342234793613585
0.0,-0.5877772562934658
0.0,0.6544170838044536
0.0,-0.9292518414863586
0.0,0.6143316939465221
0.0,-1.4118437157360184
0.0,0.2624091357237599
0.0,0.3965611094272809
0.0,-0.6766372669125037
0.0,-1.486755682360181
0.0,-0.42748793672688873
0.0,0.9366516619179878
0.0,-0.026790757743020508
0.0,-1.3926716852262084
0.0,1.1091302833527459
0.0,-0.19752805033946677
0.0,-1.2498130673311298
0.0,-1.2254170503063853
0.0,1.4401394822273863
0.0,-1.0390077981651349
0.0,-1.5233410012531066
0.0,0.3669411058876017
0.0,-1.383965041034651
0.0,0.8112063324060246
0.0,-0.2811466611551869
0.0,-1.3073117455721768
0.0,0.7711383558364759
0.0,1.3181942236804287
0.0,1.5760327847692188
0.0,1.2380408572529487
0.0,1.5394474658762933
0.0,0.2728745220420123
0.0,1.1579049041138523
0.0,0.7484836676500428
0.0,-1.0668864728665026
0.0,1.3269008678719867
0.0,-0.24804399993888465
0.0,1.0324595746018888
0.0,-1.3543450374949715
0.0,-0.6191385886714567
0.0,-1.7341462704191013
0.0,-1.5407542896362219
0.0,-0.5198306050225495
0.0,1.6004288017939634
0.0,-0.07904803618074988
0.0,1.1352502159274187
0.0,1.1143542698676807
0.0,1.548154110067851
0.0,0.7206224062370584
0.0,0.7188636641103635
0.0,0.9349103330796762
0.0,0.5132997947476863
0.0,1.4140021363643298
0.0,-0.9675784892175956
0.0,0.9122556448932431
0.0,0.24325451850233307
0.0,1.2519889012478245
0.0,0.45231845883001637
0.0,1.5098274623366137
0.0,1.1056476256761227
0.0,1.2171449111932107
0.0,0.6979677180506252
0.0,-0.5808119409402197
0.0,1.461052841575508
0.0,0.4540597876683279
0.0,1.3530382137350432
0.0,1.2258515553847684
0.0,-1.1836077448985252
0.0,-0.6069492868032759
0.0,0.7624317116449185
0.0,0.8408263359457038
0.0,-0.5006759878011228
0.0,0.671830372187569
0.0,0.4976104219144994
0.0,-0.04246271728782434
0.0,-0.6435346056962012
0.0,-0.6348105482162605
0.0,0.5394197273223594
0.0,0.7031917045655597
0.0,0.717122335272052
0.0,0.43837041483514094
0.0,1.6648927953882569
0.0,0.4488358011533934
0.0,0.870446339485383
0.0,0.6526757549661422
0.0,0.9279276044380469
0.0,1.1613875617904752
0.0,0.6230557514264626
0.0,1.6178420901770785
0.0,1.574291455930907
0.0,1.126543571735861
0.0,1.4836901164735579
0.0,-0.35083464126441477
0.0,-0.6121732733182106
0.0,0.027225262821403435
0.0,1.468018156928754
0.0,-0.7672211930814699
0.0,-0.5494506085622289
0.0,-0.7306358741885445
0.0,0.19620381329115513
0.0,0.4697317472131317
0.0,1.2641782031160052
0.0,0.32513180047974166
0.0,-0.8229785424842053
0.0,0.10910254479881203
0.0,-0.7950998677828376
0.0,0.34430383098955153
0.0,1.187524907653531
0.0,-0.43272933653020645
0.0,1.4889315162768757
0.0,0.7554663962916721
0.0,-0.8926665225934333
0.0,1.3251595390336754
0.0,-1.570374293175901
0.0,0.04115589352789576
0.0,-0.7550318912132893
0.0,0.4662490895365087
0.0,-0.4431773095600756
0.0,-0.23237204039408083
0.0,1.0481489474350756
0.0,1.2502475724095126
0.0,0.8495329801372615
0.0,-0.18358000634459137
0.0,1.0115636285421503
0.0,0.07251722590588648
0.0,-1.3769997256814046
0.0,-1.052938428871627
0.0,-0.3525759701027263
0.0,-0.22016532523751692
0.0,-1.0442317846800697
0.0,-0.4013680041522156
0.0,1.471500814605377
0.0,0.42618111296696015
0.0,0.05508652423438808
0.0,1.386140874951345
0.0,-0.6173972598331452
0.0,1.558619496386103
0.0,-0.6696545382708744
0.0,1.3338661832252325
0.0,-0.06337607663594605
0.0,0.9993743266739695
0.0,-0.472797313099755
0.0,-0.5459679508856058
0.0,-1.5651503066609667
0.0,-0.33516268171961083
0.0,1.3147115660038058
0.0,1.0464076185967641
0.0,-1.0285598251352657
0.0,-0.8613051902154424
0.0,0.13001590414693373
0.0,0.10387855828387751
0.0,-0.11739209720036968
0.0,-0.3787133159657825
0.0,-1.387447698711274
0.0,-1.5024276419049847
0.0,0.0951719140923197
0.0,-1.6661996191481852
0.0,0.035931907012961256
0.0,-1.3351730069851615
0.0,0.9000663430250625
0.0,1.3931061903045918
0.0,-1.0773344458963718
0.0,-1.234141107786326
0.0,-1.007646465787144
0.0,1.2223688977081448
0.0,-1.0546797577099387
0.0,-0.7044985283254883
0.0,0.9157383025698663
0.0,0.2885464815868161
0.0,0.15613583672160658
0.0,0.8687050106470715
0.0,-0.6086906156415873
0.0,0.2711331932037008
0.0,0.6456930263245128
0.0,-0.8299438578374515
0.0,1.5080861334983025
0.0,-1.624390313740325
0.0,1.4627941704138192
0.0,-1.7114915822326682
0.0,0.31990781396480683
0.0,0.11780918899036985
0.0,-0.8787184785985577
0.0,-1.0755931170580604
0.0,-1.410102386897707
0.0,-0.40659199066715024
0.0,-1.3595690240099063
0.0,-0.35779995661766095
0.0,0.13872254833849124
0.0,-0.20623469453102458
0.0,-1.1487637548439111
0.0,1.3512968848967313
0.0,-0.48324528612962414
0.0,1.3094701662004886
0.0,-1.2219343926297621
0.0,1.26940218963094
0.0,0.03419057817464975
0.0,0.4854211200463186
0.0,1.3129702371654945
0.0,0.8512743089755731
0.0,-0.943182472192851
0.0,1.7415460908507303
0.0,-0.3159906512098009
0.0,1.5498954389061623
0.0,-1.2672437690026284
0.0,-0.0023947407182757898
0.0,-1.3857063698729624
0.0,-1.4553943499821902
0.0,1.0150462862187732
0.0,-0.46583199774650885
0.0,-1.0372664693268234
0.0,-0.5128652896693033
0.0,0.8774116548386293
0.0,1.478466129958623
0.0,1.39136486146628
0.0,0.23104780334576916
0.0,-0.751549233536666
0.0,0.7258463927519929
0.0,0.04289722236620726
0.0,0.04986253771945358
0.0,0.7223637350753699
0.0,1.5655848117393492
0.0,1.0254942592486427
0.0,0.1874971690995976
0.0,-1.378741054519716
0.0,-1.6766475921780544
0.0,-0.3856786313190287
0.0,-0.8508572171855733
0.0,0.7920517151845977
0.0,0.8390850071073922
0.0,1.6962541277662475
0.0,0.6857784161824444
0.0,-1.5773396085291471
0.0,0.6387277109712665
0.0,-0.17313203331472204
0.0,-0.7532905623749776
0.0,0.6491756840011358
0.0,-0.38393730248071717
0.0,-1.3160183897637345
0.0,-1.7132329110709796
0.0,-1.187090402575148
0.0,-0.690567897618996
0.0,-1.061662486351568
0.0,0.5237477677775556
0.0,-1.4466877057906324
0.0,-0.27244001696362935
0.0,-1.7010436092027987
0.0,-0.610431944479899
0.0,1.4732421434436889
0.0,0.8913422855451216
0.0,0.2746158508803238
0.0,0.9261862755997353
0.0,-0.2881119765084332
0.0,0.4714730760514432
0.0,1.0342183167285832
0.0,1.572550127092596
0.0,-0.7567732200516007
0.0,1.663151466549945
0.0,-0.5407439643706711
0.0,-0.06860006315088056
0.0,-1.4066197292210838
0.0,1.4105194786877067
0.0,-0.037238730772889826
0.0,-0.5180892761842381
0.0,0.8756703260003178
0.0,1.2345581995763257
0.0,-0.847357146220567
0.0,0.14917052136836056
0.0,-0.9100798109765486
0.0,1.0237529304103308
0.0,-0.24456134226226164
0.0,-0.43447066536851797
0.0,-1.2968463592539246
0.0,-1.6993022803644873
0.0,0.5934357478867834
0.0,-0.9362171568396048
0.0,0.3268731293180531
0.0,-1.2550370538460645
0.0,-0.07208272082750355
0.0,0.3808891498824771
0.0,-1.065145144028191
0.0,-0.3334213528812993
0.0,0.767655698159853
0.0,0.9035490007016855
0.0,-1.138315781814042
0.0,-0.3961440176372809
0.0,0.5847291036952259
0.0,1.199714209521712
0.0,-1.5093929572582312
0.0,1.2031968671983349
0.0,-0.2184239963992054
0.0,0.22059983031589983
0.0,0.6962263892123137
0.0,-1.5843223371707764
0.0,0.8460503224606386
0.0,-1.160953056712092
0.0,0.42095712645202565
0.0,-0.924027854971424
0.0,-1.525082330091418
0.0,1.1178369275443036
0.0,0.08296519893575581
0.0,1.2676608607926283
0.0,0.1718252095547938
0.0,0.23280654547246374
0.0,0.5185237812626211
0.0,-0.23759602690901532
0.0,0.8059823458910901
0.0,0.22582381683083436
