x1,x2,cluster
3.09605698361348,0.986939254797946,1
2.33408283859458,3.60143433646573,1
3.27722624572083,5.04658743641516,1
4.32763582768963,3.73895831266138,1
2.219015950332,0.676756040855184,1
2.21903565166098,1.9189191125605,1
4.39505537860887,4.02029337902395,1
3.42092167498349,1.65079664125746,1
1.93663073687806,3.03258331377547,1
3.15107205230316,3.4295608641152,1
1.94389876862505,1.3876834341063,1
1.94112429571569,2.42856957272584,1
2.79035472587924,-1.38952080808289,1
0.204063706410643,1.27073483039885,1
0.430098600984361,2.19691821832821,1
1.82525496491083,1.00266018164218,1
1.28460265559869,4.45889356471796,1
2.87709679911433,0.783830346447241,1
1.41037110937455,1.97194661596362,1
0.80523555839765,2.65688869274331,1
4.25877852270587,4.22952794687934,1
2.22906843941616,0.776965418584673,1
2.58103384562551,3.89579650258595,1
0.790302176543852,2.5122796732235,1
1.84674073056978,1.32218961874246,1
2.63310710765184,3.05452416911592,1
1.11880770709324,2.73887163468816,1
2.95083762201481,1.77973974740945,1
1.77923357209743,2.58376250198802,1
2.14996750024807,2.03762368376589,1
1.77795206532472,2.6362208143015,1
4.72273382141073,3.29455680942526,1
2.48380333031448,4.40322017937442,1
1.23074688525292,1.01462140140778,1
3.48705389452383,5.05964004958752,1
1.03498762003477,0.157494640572998,1
2.75063631400571,2.3178578859573,1
0.14839585134427,3.20598064778149,1
0.906176741321884,2.83719024128204,1
2.73623348304295,1.75276057621529,1
3.38615989599449,2.25025329957127,1
2.70564193742796,1.9083988784094,1
2.36122206113411,1.79276229166695,1
2.13867556529285,3.51952251642523,1
0.725773611559087,2.92841858315806,1
1.63618694992635,1.66850848568722,1
1.94723347484826,3.5795198505199,1
3.7685466714627,2.86875942505193,1
2.91234194748215,3.47543454260675,1
0.384351813564719,3.25555461030833,1
2.88890076327375,1.50520598689351,1
2.03790126350042,1.82778275176364,1
1.68769359963285,3.39675232614791,1
3.23401154660904,3.23244431852016,1
3.73719942699514,2.47491808724302,1
3.61753614293944,2.64079285997054,1
1.49293897213283,4.03319787494611,1
2.12894514897854,1.790114333397,1
2.89751611768428,3.15651685740405,1
3.67065415254683,2.25736881707933,1
1.92499091458565,2.23878255612734,1
2.27720922800342,3.81853222238463,1
1.17239803119277,3.49049961878564,1
1.0645520511032,3.47621156320077,1
3.47503098687304,4.0665745685852,1
4.12748803428499,2.52520460995931,1
2.4135878541036,3.31834356555396,1
3.70423947747043,2.12767989208785,1
2.93396323005716,2.88899962298613,1
1.72585629447385,2.34382833475878,1
2.9336747266101,2.61639515799126,1
4.34564387975916,3.2141884305243,1
2.45700875306806,1.51813518011983,1
4.37757238697681,5.01086473082255,1
-0.643694124907693,1.29277914220036,1
3.48628300525027,1.04297366465472,1
2.60445648188581,3.88973304820008,1
2.14119117944096,3.44999523275552,1
2.6101129318426,3.24894378046259,1
0.114917302478929,3.25401461111714,1
2.23639373459499,2.4853038725837,1
2.9285350858141,1.423294754217,1
4.27347285368982,2.59096546983247,1
1.87807573807162,1.68740594618547,1
1.52980767652818,3.6701436801013,1
1.89789154769856,2.32353114219743,1
3.59848254124249,1.50940336384899,1
2.89450133159162,2.11433699001641,1
1.86428775547955,2.99551774513075,1
3.11592091973603,1.82353053663523,1
2.61649305921765,1.51333552532028,1
3.66237398863947,2.79242465379029,1
1.65753628734718,2.79395988533047,1
2.10680542408268,1.89166818955464,1
2.02947021624141,1.93475403325801,1
0.743782062241458,2.77845992482916,1
2.85534433247749,0.762298790203211,1
2.81326632661587,0.811043470748134,1
2.50613614797095,1.63786693449708,1
2.21849543994982,2.24386341794578,1
0.801555109539503,2.87308907871761,1
1.99522561268157,4.27042746033946,1
2.08874258016788,3.52919154784242,1
1.53726727693406,2.30807376404389,1
2.30645714600079,2.47718055051677,1
2.98486102817745,1.29696476243463,1
4.76342308145264,2.47778423680913,1
2.70949337539821,2.15360963329583,1
2.80906046886732,2.88726227240571,1
2.4106649010806,1.50732286773721,1
0.19747454164115,3.12321581708941,1
2.46818334946094,4.33928669560309,1
2.57227625192923,2.36948782185177,1
5.45589053498234,2.98205406651873,1
2.26916684226265,3.32817279005333,1
2.86185681080033,2.018535433737,1
2.45834587635371,2.7689109781725,1
1.09758635485656,2.51511088093815,1
3.87138737741802,2.6172113182586,1
3.40231963922413,1.57238825937344,1
3.44923833645166,2.52941220911073,1
1.40873505424631,3.09759794949454,1
4.18335317312332,4.24137232935405,1
0.817778724649263,3.65112499130225,1
3.20422851256032,5.08381894901387,1
5.12854675097197,1.57918292453434,1
1.31135640984317,3.54678476406481,1
1.82044272447667,2.72001040688602,1
2.61958163810517,5.12776351986121,1
1.89582921506056,1.53004205757382,1
0.639203882720641,1.49233378938307,1
2.58227556976723,1.78072882546717,1
1.22523554352867,-0.048674869171768,1
3.06831091676222,1.86909397398309,1
1.39669091891944,1.58904080613556,1
4.35992128602105,2.68047254377145,1
1.56009604919652,2.91010717093259,1
2.11352618055319,4.75140500705906,1
3.4762206608436,3.64050860582326,1
1.02296282027925,1.80771561320512,1
2.77295192152496,1.42190239438197,1
4.06857130513891,3.09030300580781,1
0.571020118526527,0.915720151575229,1
2.72156063023876,4.69775051902522,1
2.81185935309811,3.91532814486554,1
3.43818744613277,1.93698921747435,1
1.0156591469463,0.444238565090947,1
0.915452064298868,4.1246468489985,1
3.12632987874028,2.36255218569686,1
2.85638160787982,3.98537957436815,1
2.80059142041505,0.58668680944676,1
2.91573785139637,1.78074997245547,1
1.68397033410581,2.50629243966182,1
2.7787044365932,2.55637671251769,1
2.85168696795842,1.95992143422491,1
1.64277829836836,3.247419918817,1
4.73892941337371,1.21885548474089,1
3.06859950509414,2.32914461797445,1
1.07043580335682,2.64435475805428,1
3.2878643303606,3.1173266008705,1
1.33038199572721,3.35393785370667,1
3.44450152449094,1.15042948979456,1
3.89031469480888,0.659062995117253,1
1.51518121797795,4.03321218627821,1
3.65605135509319,2.89877681437551,1
2.9953371123238,1.60181615613214,1
3.48647219199339,4.36138237062703,1
4.77615157918474,2.63880956115143,1
2.20553426079656,3.91515662087659,1
1.59551660277101,2.58102217769213,1
1.43258268444937,4.97289750985838,1
1.52102765804147,4.60640901093185,1
2.40747794870307,2.20124302182511,1
2.90938236977997,3.66588514114523,1
2.83202895919602,3.27445113950218,1
3.49261989884323,4.14235786903882,1
2.51560227025349,1.34209184730387,1
4.24424089258878,3.32326175199813,1
2.18241180011445,3.77010938421951,1
5.76420299990754,0.389512616292263,1
3.25080081731801,1.08008978480107,1
1.47141093230046,0.0529213866878795,1
1.21492900232667,2.17671179866653,1
3.07896689829182,3.36105070695515,1
2.23184465760898,4.30282846251523,1
3.35680059291051,2.58891373650373,1
3.06788514948825,4.45433865468555,1
2.41260530481175,0.84387825014213,1
1.48384753831791,0.455941072773815,1
0.682183330376962,2.43334276132406,1
1.96418205751957,2.96087853872717,1
3.52767855318817,2.46076630228709,1
2.75691249295624,0.0190694799521483,1
1.00511346554561,2.39305595258465,1
2.70781711102142,0.934636599394176,1
2.9623808556746,3.30360705859605,1
1.43937107655864,2.93991789531622,1
2.68447012713463,1.37214425640717,1
2.5698504621352,1.88335969919597,1
1.12843564260325,1.22894377373326,1
2.92934483241794,2.42478508327219,1
3.17294143164188,3.64617078460149,1
3.79966149181033,1.31712874439735,1
3.76456246244188,3.10485581862141,1
0.846796758451491,1.86369085795307,1
1.37460995210185,1.54855260128519,1
3.11804232065039,2.37156356805453,1
3.11654314109465,1.25770921309675,1
3.11805722356726,1.83562083358338,1
7.12327778878567,1.06254652889338,1
3.1850686128318,4.85767015949967,1
3.86267876821672,2.54231626236607,1
3.64480211619184,1.6603293904089,1
3.28166950156696,2.75677589288107,1
2.12167690643159,2.365206340371,1
3.41076306459192,2.23483648056013,1
1.57260974255491,3.23700004005211,1
2.21581767191199,3.40900925205677,1
1.91756374260508,1.86339862286737,1
2.59824896726359,1.80901811122638,1
5.27759028000821,2.16993796341803,1
0.259281768889902,-0.262305397682702,1
3.32351222844942,0.681770725361737,1
0.564740954572418,4.14024912093343,1
1.93368176105268,4.47396125620154,1
3.80674071636084,2.20115675253235,1
2.57713602291456,3.19186835566692,1
1.20670626648483,2.87350018545224,1
1.64163554888804,6.19465697014629,1
3.31551729872161,3.84348989372149,1
1.62356004193944,2.34649889022308,1
2.75975030749837,1.35335147127949,1
2.55468620788458,0.572264415690913,1
1.71807958287302,2.74415636304067,1
5.07273290719039,1.59237910565884,1
3.26070282678161,0.793295548482791,1
0.0698288960108715,1.72411253890897,1
2.72374517772331,1.20214239566273,1
1.70585624227793,4.52456996208708,1
3.52292000175547,3.55796770833934,1
1.54897511388076,2.49043283042006,1
2.36231627023972,4.27593296666803,1
3.10598473477655,2.59284196917714,1
3.53890623300415,1.46645895840608,1
1.05964431153307,4.32774889272359,1
2.09859851699086,3.14669205242159,1
1.93006562660685,1.25530461480825,1
1.71600492091155,2.27159358629967,1
4.61854508833732,1.44925809593829,1
2.98597805315315,0.840640322842797,1
8.61141305703797,2.39212010466691,2
9.79129996856416,1.8779784732604,2
5.82171891141703,2.3289520964272,2
8.17556308402869,4.76437015592941,2
6.71922891705381,2.36072133340167,2
6.91544953948237,6.65885847780487,2
6.78912729091336,4.09198148105707,2
6.46321107638422,3.72180334843385,2
7.55822595353379,2.46997066378254,2
6.50285986030675,4.34037185529079,2
7.82454819093581,2.80923460851467,2
7.43971426866104,3.64641177757443,2
7.21326234376031,6.57210144592255,2
6.41092360555008,3.38472812033042,2
6.807874403318,4.87912799154281,2
8.40646947099091,2.65618828984894,2
8.10110062514926,3.45801381140365,2
6.32693370624174,5.62496076276261,2
7.61919876651507,2.74763953065468,2
8.40166454804615,5.67493826959631,2
5.49671366265435,4.34930232254657,2
8.15203223085592,2.82503986892688,2
6.70485148926498,4.25888928686663,2
8.18471840231179,4.66706533955208,2
6.58408901214898,4.24617195466064,2
5.33414147920258,1.61573033613145,2
5.54694907454021,2.62743538901016,2
7.55770193599366,3.20297763733819,2
7.81166700206578,3.41067988507994,2
6.41482004987471,4.24480651706081,2
8.26631095053285,3.7132412011199,2
5.50617592527725,1.89758676954788,2
7.42070424162322,3.95623742120716,2
6.04678056028505,4.23270289434059,2
6.71779667063741,4.17174853751725,2
7.5568784055797,4.79693687066555,2
6.46750396165926,4.50070658545869,2
7.03853334692421,4.05101609507412,2
8.70755137105733,3.41580114624962,2
6.80772975657222,1.50684687978081,2
8.50283053447817,4.0155418629591,2
6.14435177441086,3.74922522459573,2
8.13576501349834,3.82589460463445,2
9.22988234478948,1.96790170901563,2
4.53402659984725,2.20273215151009,2
6.54372569343543,4.76378342399948,2
8.19248655261665,3.45253381537201,2
7.25634553674841,4.31780083684715,2
7.94537504804557,3.53398205135655,2
6.77521777594102,3.53570736739489,2
7.60390774496748,4.6259405671712,2
7.31318731752951,2.88074632613915,2
8.90133847399177,3.61534493232918,2
7.80530501196146,2.94526965355395,2
7.90512319449024,2.97860452708122,2
7.00574764065304,3.12899345183763,2
6.91487253111301,3.76656052596046,2
6.98093017461646,2.92550165400383,2
7.97334257085396,5.00690735068823,2
6.99481862301569,2.42647123733659,2
7.8477298282757,3.27575402700637,2
9.99048095837453,2.97232273007099,2
8.54534964411803,5.23637346122448,2
7.10877176139859,3.73586573181389,2
8.94145670659673,4.73821344736236,2
7.01030955237414,1.71732755235563,2
5.05425055778658,3.82046031904311,2
6.29029642689912,4.56755695474813,2
5.25504969476897,3.59874078713051,2
7.07818381915043,4.77857645007842,2
7.52210205502746,2.87925385987955,2
9.51172477473034,5.1912169282227,2
7.892312848517,6.2586777483431,2
7.23707936542936,3.06459372747241,2
8.49528669742019,2.96539697431907,2
4.84663762919054,5.24406137254124,2
7.78273746973028,5.39548657487685,2
8.42503823266436,2.87256796741608,2
5.72569650506419,2.99577581948497,2
8.87250485184832,3.16185846936739,2
7.9061956889933,1.88665938675887,2
7.00165450331904,2.39761766421896,2
8.25933823932754,2.29503107989752,2
10.2248314293653,2.57864292187505,2
7.71823950607019,3.45837813513586,2
7.7978647035604,3.78105767904382,2
6.94876692055171,5.36060059137689,2
6.48018675664225,2.30197515111345,2
8.49640297985309,4.6811868781719,2
6.47269940890936,3.24321338692939,2
7.58587948466327,3.44064354841708,2
6.92681106388186,4.30978339059992,2
8.07477579089567,2.15273357412524,2
7.90039452634434,3.95889169542086,2
8.74504793310948,3.69974264985567,2
6.8879803213743,4.09094151680978,2
7.17615007764795,3.84700237268938,2
6.32548354106123,6.44636016789307,2
6.96684808790867,2.73471201889842,2
7.95276059165382,2.86280365399782,2
8.40838633997442,2.75223136829028,2
6.39340161098685,2.83342745700769,2
8.54352710412679,2.73513544723218,2
9.12676543056594,4.92681983732906,2
7.99612188386844,5.20460509758783,2
9.75215497506968,2.81510444750063,2
6.57145296107571,2.50117331227493,2
6.0064143560263,4.06569866766368,2
5.36553570131487,2.83733234686283,2
9.29525317378702,4.25951818130661,2
8.28523878762487,3.74350762502156,2
7.43329839490745,1.68110706200332,2
7.83596235158378,5.35700624159607,2
6.14941314324195,5.65505320771463,2
10.4349023755402,2.76465357141874,2
7.65506541837027,3.03475812807682,2
7.63127375352587,3.84303846886989,2
8.37091994867843,3.90134814798443,2
8.07721107808406,4.2902531272074,2
7.76866082913496,5.91224544651962,2
6.55143065346563,3.28766332700714,2
8.0657620285632,2.54204330655386,2
9.75842939577004,1.84481692638257,2
9.11450405538597,2.6228839520697,2
9.41182395196728,3.46024763255144,2
6.88654118828258,5.65346943622135,2
6.3124742156897,2.87886644115659,2
7.34905569588042,3.76854554196668,2
7.56686989474643,3.4802925247127,2
8.81302982216514,4.9260719281377,2
5.46904244434222,6.53231891104835,2
9.33546038335274,2.86295747249562,2
7.31039052170521,2.91267266897813,2
6.9877427160631,4.75299305248289,2
6.2854747496878,4.31826978755157,2
5.51417199376108,5.71604879088324,2
8.4878047007543,4.20071382239116,2
7.58798156062608,3.06884949105553,2
5.95204692031074,4.20878579683077,2
5.94590547352366,4.83044429669949,2
7.09705836085185,4.48457861743684,2
9.50282583034727,4.10872883732876,2
7.18849037836367,4.78000962750699,2
5.69622845625827,4.90315470853481,2
7.20510832309687,5.15859078924503,2
7.1727317163028,4.27845186510757,2
4.26373602847011,3.29945830361977,2
7.43484616017863,3.67605642371999,2
7.22287856374959,4.94781075981003,2
8.3354476377761,2.51967719481532,2
9.71874731393442,3.94240797064748,2
8.85187803545731,3.02799342520717,2
7.1773335713342,3.53449378752178,2
6.17216890951,5.03414223512876,2
10.5880317638998,3.72931888162388,2
7.57106212081739,3.55572385778738,2
7.51671515029554,1.8681726308241,2
7.471049895468,4.39550427923266,2
7.73770171292143,4.27458101736929,2
7.32676750569127,6.09590566796655,2
6.81160559174372,3.1306661180564,2
6.84376927051153,3.76298039319673,2
7.4606960757408,3.79926042045291,2
6.84789027463948,5.39294393571617,2
6.6445850607874,3.38564536113566,2
7.62771627323028,3.83482583092441,2
7.19402733909497,4.22947581165985,2
9.30479158629923,3.72393094778763,2
4.31883622992839,2.96427966253937,2
8.80980822230695,3.73290799147797,2
8.99530223099715,4.78835809983173,2
5.01193172111022,2.26818164070673,2
7.08877488710358,3.65956360897625,2
7.05427096080505,2.65985502207299,2
5.81098596633862,4.93405595470981,2
6.56661997489095,1.67217571425947,2
6.16730898544101,2.82929378327409,2
9.60272453210835,3.95265425007742,2
8.62281407177695,5.37862883508121,2
9.02586611399299,3.42109968671241,2
8.36600647685188,2.83376056796816,2
6.14513787453932,5.75738848332871,2
6.87057568046427,1.76238331950051,2
8.0872494734735,0.861432852055902,2
6.03344662932967,4.028017340064,2
8.35559811620687,2.89753493077687,2
7.21160952221024,2.27452061944314,2
7.05021503094048,4.35002773675922,2
8.35315196184419,3.79256085652544,2
8.03311597378325,2.82310564311593,2
7.0668406010171,1.96363472159493,2
8.8911957640371,4.54694879393617,2
6.20272400688012,4.28024141355039,2
8.23912272833312,3.38098896346474,2
8.21172150956206,5.7159643952572,2
7.12854427282321,2.21589828040862,2
7.89135962669054,1.66936979489031,2
5.99866370833764,2.66971031614251,2
8.60883242304828,3.4452967803734,2
7.27811743626841,3.79200733918723,2
6.87273237537715,3.2105167305724,2
8.75881107100427,3.92246647581716,2
6.65478757134869,1.99815269097147,2
5.80984644436373,5.23251752488791,2
5.63204499177132,3.40141858592892,2
8.22721194161477,4.84075499790575,2
5.96348477700446,3.91127041565325,2
9.60575301838124,4.04810386298454,2
5.00168471053953,4.18372073627864,2
9.53574764194805,4.03725027202078,2
7.75322096064314,4.27126731184105,2
7.38394426575553,5.09498303615892,2
6.84609709582926,3.73582540364176,2
7.97896333722249,4.35080450910622,2
7.45483835709018,3.39231716685533,2
8.82396225841983,5.22814065853937,2
7.63707317839445,2.68832923752888,2
7.68036211375425,5.66112851949298,2
7.06366534534337,3.45181045922679,2
7.43166525153472,1.78306987745834,2
7.86936212267047,3.65372529789295,2
5.44779792881205,2.68273801103014,2
5.88217749347314,4.50877225878647,2
8.39191691282726,2.71685122483713,2
7.70503852575353,2.96457988014226,2
7.27921999637679,1.23255112286536,2
7.52212071967847,2.95723241690111,2
7.91709804643401,0.591344808045252,2
6.85228838362877,1.59931661181713,2
6.56603432951723,4.41249758737316,2
7.73501430611722,4.442960190381,2
6.32595266686196,4.01054907414196,2
7.98990330685737,2.33962862824494,2
5.45689967491459,3.44274637262962,2
8.73498676479077,3.49567695309132,2
8.06711697889565,2.10996237296895,2
7.80723568117665,5.30407796212058,2
8.67922918073462,4.55283474869081,2
9.49856933335509,3.2348429914044,2
8.71724407802176,3.53226300679344,2
5.29095092240203,3.75005936953706,2
5.96450763991716,1.04991815789085,2
6.75021770676519,3.20338714097528,2
7.531309260253,2.68161890240264,2
8.12119082456295,2.2980559881261,2
6.62910742421584,3.16267964853685,2
7.72412011737249,5.65722383221943,2
6.59354048117601,4.26901143352041,2
6.76617863640966,2.81458521226064,2
5.81200668378213,4.18709933762739,2
4.6792265239032,6.89705627865735,3
4.10956041949532,7.50023475393071,3
3.07155644390421,4.10751722891425,3
2.22367586675331,6.94886788381709,3
3.83786797633631,7.97320279096795,3
3.4721824625061,5.04843077757055,3
4.07423186403328,8.50708686420524,3
3.76220616201836,7.00282281123925,3
4.2594632583832,5.65398577308991,3
2.35771774612732,6.43307710681075,3
4.58087287876119,7.16999229502607,3
3.23711952563088,6.59120646969489,3
5.49031304715032,7.14650719093564,3
2.17297461829252,5.39519168830476,3
5.0831565637983,6.70323298884329,3
3.23749294015518,4.80354260371402,3
2.21829839566266,6.36652872638156,3
2.41933699913481,5.41531083024225,3
2.61558323016682,5.61736406889228,3
3.5089991356823,7.98331181025253,3
3.6274025856426,7.80957214471312,3
2.31155999527371,7.23096574508861,3
2.97077448928682,5.18922468239291,3
5.57072443033424,6.12030986036624,3
5.07305180412085,7.95571723997502,3
3.52358840360884,6.67006029636789,3
3.04560417380184,9.28319544797803,3
3.14403759206191,6.97198140727325,3
3.7362215672765,6.73045893978804,3
1.77264892176191,6.129060242957,3
2.69114815509199,6.66024908573874,3
0.997699111346893,6.31703619634335,3
3.47906774712634,7.34973041202631,3
3.77663512764329,7.6480427801535,3
2.42017624524075,5.55681264739046,3
4.88878411594804,4.90252045573067,3
1.52908120439719,4.29655355227605,3
1.24275014374822,7.10958959229505,3
3.26934218227197,5.17596007259135,3
4.25651796313459,3.91653128845702,3
5.02071322974944,6.96629432543716,3
2.44933888455727,9.49159942091935,3
4.29441700011756,6.49271490615213,3
2.95378983659915,7.50618892934197,3
2.79284724007102,6.59819523025708,3
4.06039192498401,6.38133241617063,3
3.7827874540961,7.60289177958532,3
1.1083294116189,6.15167054697362,3
4.77184841967108,6.82087077688628,3
4.65610962497694,6.88603736743522,3
2.24932475818856,5.69829145562834,3
3.47496424012489,7.69045081944383,3
3.59283622353929,6.29004829196551,3
3.31280851898869,5.59310580860859,3
2.3396338153855,7.14381181228448,3
2.19405195847434,5.42183842185076,3
2.96933511481027,6.53381738884295,3
4.40727482311124,6.48905720402696,3
3.65232018551332,7.80307467899789,3
2.55526280149667,7.06963787945594,3
3.92603845277801,6.46996764950583,3
-0.41825114475609,7.48131955904035,3
4.37851884044652,8.16824905882078,3
0.912343465466281,7.16937236762224,3
2.56507087031624,6.51242314381206,3
1.65639612644863,4.92579652117981,3
1.44638222913491,5.22186360430955,3
4.39299214485422,6.1337303547744,3
2.43875855842573,5.76858535740886,3
3.41580465807686,6.27563443641747,3
2.94369530534498,6.56797990987653,3
3.57244899266775,7.13563130522808,3
3.09218626927231,6.41540146632909,3
1.46040933097372,7.08380197259144,3
4.19552018333657,6.57736929777214,3
2.40749210020642,4.12944012037536,3
1.1321017216083,5.3727975274175,3
2.4862618068409,6.32709493313406,3
4.80091174876117,5.04836630859067,3
4.02026609053619,7.21991447599545,3
2.58161743871057,8.33690099881244,3
2.58089075481789,7.96251422203678,3
2.61403793853914,6.24386855488375,3
5.49209758027301,8.28887136421994,3
3.45832254267786,6.67840094864253,3
3.51604997662928,6.09549683465835,3
4.23634014483821,5.76391680375087,3
3.28654699083182,6.13703637621425,3
2.68914942501516,6.03418781775053,3
2.76438018109803,6.70449946685059,3
2.91407848870312,6.69268877725984,3
2.95533331618819,6.5036552241841,3
3.87315545236438,7.02432580369562,3
3.06233506296876,7.92877552974361,3
3.87916809265869,7.63946496252959,3
2.9031401038697,4.71812243786012,3
3.09436222837931,3.43529463811765,3
0.602159178561471,7.62118389348713,3
4.09959320964298,4.85974556190149,3
3.41578617107759,6.23028151772878,3
4.19761213183158,5.09586436872877,3
-0.475506453832427,4.33762347490398,3
5.50604964573687,7.14975527384575,3
2.83249244621379,7.41098619236318,3
4.32981938008502,5.80818751912794,3
1.75211288744936,3.39074924942611,3
3.73532868607508,5.84450666209702,3
1.73590132419161,6.97016480648306,3
2.25147724716503,4.72530611747105,3
5.29683762464014,6.72003190373499,3
2.77118111908398,6.48162818099241,3
3.26091944781567,7.19514979952131,3
4.04408127682651,6.64349644209698,3
3.59481826556713,5.33231727094213,3
3.18050268617229,7.93588580199739,3
3.43795320295947,6.30976451236764,3
5.88409870228593,6.46723455258808,3
2.9308574435597,5.38007844911216,3
3.24131885605796,5.96806129857019,3
4.26078527520913,5.43823674316772,3
4.32663111954958,6.29246472809189,3
4.42443636667246,8.55405017617081,3
3.76647626643502,4.85371862848237,3
1.62839410472342,4.56372632254791,3
4.96011783876132,8.26540439299233,3
1.62438552837757,6.24881158741776,3
3.36316255828684,5.6971127136081,3
2.09486897997677,7.74788562487529,3
2.92303398408841,5.77326135231576,3
3.39451489236418,8.69121165625632,3
3.38562865854033,7.31351104560712,3
3.50630490508234,5.91450631022516,3
4.93645352287038,9.0887698559186,3
3.54424116181678,5.77314209239599,3
2.70701203765122,7.39051444641117,3
4.15690460194603,6.85915109648779,3
4.42736458670957,8.06208954727856,3
1.52687062183561,8.37381343607222,3
3.71688008381983,6.53840497887892,3
3.84140729077308,5.59589855558458,3
2.64292379596801,7.05196657152694,3
4.65084817597394,5.68674155629747,3
2.81993329556097,8.91606469703195,3
3.15069174416585,6.66384239729929,3
2.79231381085936,6.06161413842547,3
3.01869485709776,6.72161636703789,3
1.68446989572576,4.88344845256436,3
1.27193894088685,5.33406315378722,3
4.91340607586997,7.94049668953331,3
1.98364638201801,5.71172686523433,3
1.81032918065243,5.24370682078167,3
0.415931863675542,7.14398330303274,3
2.2332459027726,7.9228449855956,3
1.412292247911,7.36274397279808,3
4.97041819216364,7.69525722296698,3
4.21178050721116,5.59184589371665,3
2.17421958578673,4.79382719990979,3
5.70292296641317,8.30160038234658,3
4.17811858438991,6.11278419338944,3
2.61020233978965,6.19900038025394,3
0.000713142151712365,8.09383297021887,3
5.74913108710889,7.16747601128079,3
1.33251303988368,7.04706532649793,3
1.02552150365173,9.0980028138813,3
4.22708451841157,5.72777812354383,3
5.92770288760713,7.61340815369749,3
4.66112738221262,6.5684157498765,3
3.67669094406283,6.82231073463591,3
3.71370520999834,8.33416211169504,3
4.02409867053637,7.10940290754755,3
3.91071430774412,7.14595529485956,3
3.33742970876325,7.78700880477176,3
3.12504132474225,6.06205672454854,3
2.92488824652057,5.49294839919319,3
2.09524249335999,5.24622896717476,3
2.66318990775987,4.1403720927488,3
0.968451822965537,8.96744855592839,3
2.8819924478463,5.17614996113398,3
1.8136906714189,6.23449565169707,3
1.67569281934108,6.1678240401333,3
3.21587298138417,6.86888803737092,3
4.67040274361352,7.47888465504716,3
4.10197992720278,7.53256818603169,3
1.11539927565219,5.80030707371727,3
1.8124462361156,6.29945394345631,3
4.12892542558586,6.83909594058596,3
1.82101512775403,6.20157064857974,3
2.73044022000357,8.42881469122399,3
3.66006251882946,7.0891699419659,3
1.83798665416364,7.38185334325978,3
3.12645060737515,7.2954575224009,3
1.39916940609815,7.90816862898239,3
2.27835882725854,6.71722587044445,3
3.38373832097104,4.94380166245298,3
1.088407519762,6.97962554210317,3
3.52856968555248,5.71837172744981,3
2.97643464128798,5.86565998190029,3
3.66298794530058,7.20363682250611,3
3.26869696087759,7.98593968572036,3
4.63696851596861,6.52552589208327,3
3.15026940317749,6.87059961511876,3
2.4847133506497,8.54265793356229,3
3.14675700363874,6.78890381538628,3
3.65195763484367,9.62201973701647,3
3.05863208439085,7.17861157475785,3
3.04871002944466,4.38708468901302,3
2.15760997463189,7.40400994532544,3
2.20451889893886,6.95739006185933,3
1.31687367384037,8.0477033048993,3
5.09949209182433,7.30781762152395,3
1.50736411753046,6.33385281921947,3
2.16851376264491,5.03084211645276,3
2.13791128131696,6.24917209125677,3
4.07390925233333,5.47937545494884,3
2.64606038604957,5.80337186023433,3
4.49729048720848,7.20629408530473,3
2.19181125090736,8.50388540522169,3
3.33479299466856,6.97360583578758,3
1.99758353608829,5.06494032555778,3
5.57417895332807,7.03352320186417,3
1.57488189716458,7.93595778397478,3
3.37178485227243,5.76826051481674,3
3.76053225711852,6.3391793999925,3
3.4965589169418,6.51762583367504,3
2.77765480934675,5.55812202430131,3
2.84421516031989,7.27793652061263,3
3.05257376637493,6.35486222167066,3
2.82359759804581,7.00343893268843,3
4.15665494015389,5.43500938663748,3
5.65262760190962,5.97505003961191,3
2.3310098579906,7.36685762939333,3
1.35623642450511,6.05260021748988,3
2.89406154197849,8.57235662148009,3
6.09565120518518,6.02043657726248,3
2.03559051843632,6.76962167090226,3
4.96694016653288,7.61910899824771,3
5.01324097689173,4.79796112048036,3
2.33569410995041,4.38702942562307,3
3.68277969502233,4.66921242251589,3
4.95407594775425,8.01510092411262,3
2.54504671081502,5.83777022492906,3
2.75570356787717,9.5698391428019,3
2.30198290326163,5.82290288161113,3
1.78229192316856,6.72146156383645,3
2.22086694592079,8.35053194308145,3
1.53127167988529,8.90731146579095,3
3.04090016191107,8.97380429196368,3
2.07603212272963,7.95003947671177,3
3.2805430941489,7.72887503097375,3
1.13292522455565,7.21103233904142,3
7.43403329139997,4.25612124840092,4
5.83857714040576,8.31345038343709,4
5.51816133989323,6.71510918024709,4
6.49595065110686,5.30324052377225,4
6.29577845297009,8.11344311942998,4
5.95612634080727,9.14839025419555,4
7.33566493694806,7.33506178244677,4
7.64636625028461,8.64344945664353,4
6.60608826355022,9.43473390958637,4
8.27303609726631,9.07789734430086,4
5.12997306303979,9.46795743524567,4
6.26760864886434,8.39055298928627,4
5.63981321527663,7.59052036668191,4
4.26015605951233,5.5776410257234,4
6.40078317698876,7.20472501424406,4
6.35390298994006,6.48810408562057,4
8.31613969189056,10.1051312609974,4
7.25697402146573,7.2889370250812,4
5.27097581080495,7.64784576814138,4
8.72491107960103,8.16178245124856,4
7.96524043463042,7.55232293564694,4
7.19851724416234,9.5340612485169,4
6.2282190813802,6.75282076591866,4
5.34867291593182,7.73352894628469,4
6.05335186871474,6.60903529716234,4
7.80649834364502,5.91597298653515,4
8.76150356712153,6.76587709091366,4
8.35189223392663,7.45555584354191,4
5.91338069385647,6.98483733057929,4
5.15645908005319,6.66909482415137,4
6.66906349629345,5.8124190435938,4
4.37787276132458,7.40027331284557,4
6.88780125702174,5.6943355511628,4
6.3228768964416,8.41206715642752,4
5.94075619775811,7.5989277035214,4
4.58635631927985,5.75093820064208,4
7.11632012788366,7.12894910754016,4
5.86075899240571,6.5974123132913,4
5.09609979714765,7.88300941250302,4
3.05328534406202,9.10854053522777,4
6.46698211393924,5.24979303642511,4
8.62670191600369,7.6380312949769,4
8.49351105745744,7.30784064532003,4
5.95148449209647,8.30560809174056,4
5.77734552756586,7.75583595388523,4
7.06252910729003,6.59763680191342,4
5.30193747297405,7.11713527720006,4
6.86215027978336,6.54476897183581,4
7.41929633406163,8.79120856631832,4
7.97231986866117,7.52557397840633,4
6.37981510822406,9.78142882290361,4
6.25559149978764,7.42720702342246,4
5.44642089589213,6.64991187970745,4
5.50774357515217,5.68354272886461,4
6.22822532971817,5.33623238849287,4
6.94083860817941,5.59903686839341,4
7.5963015514799,7.82055198121378,4
5.53618525918359,8.11047002787592,4
8.29122628275143,5.60257115756144,4
6.17465167874892,8.57404597689134,4
6.47435924678188,6.92032673797987,4
5.60334598502261,7.67615161438266,4
3.59091168767247,9.43466475390651,4
7.56085447563326,8.57620717903864,4
7.38421267651092,7.177763222513,4
6.16240693145814,6.43056932950165,4
6.58038886066985,4.91782151840483,4
7.11912706124492,6.6370160169091,4
4.62494497173615,7.24664371340677,4
5.86513678718445,6.31538456741858,4
7.45311761554619,7.34249163948923,4
4.9948526921969,7.59222225955052,4
6.85226951859996,7.23017282183031,4
4.87210183445191,6.71999690301185,4
7.05971597892023,7.70238560636007,4
6.45723022124302,8.03032877948329,4
4.56184182091339,6.19152110706859,4
7.89768722534861,9.19311885569552,4
5.61849010784234,7.38169424125889,4
5.52769707558274,7.52261954753382,4
6.74068303667713,8.34985730790787,4
7.87836481931446,7.7798593575162,4
5.28101381722592,8.64376396069589,4
6.57401581981757,7.84454899824219,4
7.01457980039669,6.76507515043148,4
7.33172672871577,7.93380423024732,4
6.71172986633267,6.12752855121521,4
6.05956659310001,7.63027164693183,4
5.50689173522154,7.46012401122665,4
6.60337265965565,7.25025977127295,4
5.21343318561727,7.34575498627328,4
2.99437941980647,5.24178114540283,4
7.0238717649892,6.84153011071085,4
7.58472180930343,7.61141388136934,4
3.66448107734979,7.69182767039688,4
5.28832315434808,6.26678983088885,4
7.24298511320624,9.01884940903764,4
8.96899456365404,6.4605901821426,4
6.52495244921049,8.66334864063208,4
5.62639647052504,8.01263323424602,4
6.28052427067419,6.72452722818744,4
8.14985170297782,9.63037307113141,4
5.72484298505056,6.06763580189222,4
5.5409695920197,8.602985008332,4
5.92070777338156,8.70069878165157,4
5.35600567008955,6.69525574910803,4
6.64720437919376,9.17095836007719,4
8.44961415016347,7.19994418248126,4
6.88769512773924,7.84643235513583,4
6.19717579744845,7.81238620652547,4
6.14982647730135,7.33882951023534,4
4.62417102956401,8.47296992779174,4
7.55973173257659,8.45218646466266,4
6.40659536358464,5.40176163211418,4
6.28342410369125,9.06520829145378,4
10.3317290814138,5.50500961435719,4
6.85850349003882,8.73905544520999,4
5.59785073988578,8.8520461641931,4
5.98837088455335,6.19084028374176,4
7.87813485103611,7.0070228544545,4
6.63592449264532,6.17315439781688,4
4.77406642601916,7.24209476365352,4
7.60307472149024,7.13035885897711,4
5.69822709735321,8.43559263872321,4
8.74795733146106,9.07237049534353,4
7.79605767885758,9.17482057294795,4
5.9632137252095,6.82539836810604,4
8.03721963408214,7.24893375150657,4
6.58142661263288,5.47987416933486,4
7.52332841014666,6.53295592020457,4
7.08167938075337,8.65782195971695,4
5.48437201401095,9.43869938825788,4
5.72774020121905,6.01878135374409,4
7.73595298109739,6.78904288901653,4
6.09826960147215,7.46831309164929,4
6.0156218441096,7.83619339058353,4
5.35385290478078,6.52847577609403,4
7.00831887871215,8.00887325335691,4
8.97502990309177,6.9313927835149,4
5.21896050289487,7.48265727494607,4
6.52906334800731,8.15554109760444,4
8.19466466649851,7.50770672377313,4
6.40443033050514,6.97633693136812,4
7.04284615549968,7.368468235289,4
5.22512776622374,7.3939644489536,4
7.01396851664918,7.05598676414145,4
6.27542688199454,7.18944472479948,4
7.68287599481584,9.41837660460566,4
7.9248632618777,8.17310333752949,4
9.60747637042234,7.14542361836501,4
7.19555980785629,8.33634528541288,4
6.8909555798986,7.09941661229279,4
6.7332611618928,8.90774956510397,4
6.07620044862717,7.94357063063771,4
6.90618061215403,7.37123742719493,4
6.14551830783316,8.03726031097233,4
6.70215317152354,5.6149486175178,4
8.08111704272955,6.14787903730823,4
5.29214892166443,6.06728999232113,4
7.86785427335485,7.67153171371645,4
8.08053808080784,9.57901799938211,4
6.35831776761071,10.1775601754312,4
3.95377412118969,8.26566132172891,4
5.77061361548668,8.10101336993335,4
8.05639345587333,5.33873071901671,4
6.47255832524134,6.84879144031917,4
5.30083732124611,6.55465949771011,4
5.89427009452614,6.75498288209866,4
7.50874403180546,7.29822741769825,4
7.15608028184166,6.93349130676345,4
6.21328148099637,5.12484022754906,4
6.05981070582238,8.39749230734104,4
6.02989022114741,6.21270836911223,4
5.3931077786018,7.78709623693338,4
8.43845082736333,9.98889920369997,4
6.11321543694639,6.39673849009629,4
7.9605902249906,4.4636549727044,4
8.32557926230694,7.15679493374387,4
7.69797307777755,8.82115156199829,4
5.98205562473834,9.85001694506471,4
6.98447610840393,6.0245404866571,4
6.4709652723309,8.09603906788383,4
5.41555776712385,6.94162745186394,4
6.88923113806592,7.37286197483504,4
5.08515225060824,10.6732120164204,4
7.92521526615388,5.69643560592582,4
5.94245924324193,7.80448759379349,4
6.74139158704741,8.06123180611852,4
6.83994544585537,8.80294358992722,4
6.18931403155511,7.61757978416507,4
7.20403256177033,7.86966064740492,4
5.93011561205297,7.03002171909385,4
7.54555675694869,7.82295232949413,4
4.8848243837039,7.08816926940311,4
6.65165549545569,8.24588626782726,4
8.82671479886994,7.05646759674764,4
5.29960241047331,7.95252047268262,4
5.68670603537018,7.46488462357803,4
7.1166894195907,8.8512603009266,4
6.71549813832752,7.43832753169382,4
6.92075611912827,5.37236103815174,4
7.0870245561772,9.01430580085679,4
7.26166576227412,6.41312123896486,4
7.83163981034747,6.71548039362142,4
6.99178238831422,6.78520644714781,4
6.21049081445775,9.14932571180498,4
7.30708844144328,4.93719094322557,4
8.77985832187426,11.265298240392,4
6.34083950434091,8.76726817087926,4
5.33056483439523,7.76788669695499,4
7.82849680314437,7.43412719926046,4
6.35554260325568,7.84266488982919,4
3.89279654478316,8.12534691405521,4
7.51690601258051,8.27425870314007,4
5.85760617685529,8.16672535920414,4
6.39136006123501,7.6074968175063,4
6.89837639668282,7.26319389563121,4
6.72859961573488,7.31847205961579,4
7.35134218056685,7.26611006357678,4
5.97741635531619,8.86052411624048,4
7.1157269578113,8.21226806673703,4
6.1885439868993,3.97153363840286,4
7.386572577065,8.28708093183571,4
7.23844098081566,7.73368343366253,4
5.37747355754649,7.47754949226492,4
7.80317853941004,7.03377785629334,4
5.85684386586314,8.84893526398322,4
7.46966935793737,8.63703175454743,4
6.94074477608161,6.57254679861167,4
8.70582041215415,7.98846274454944,4
6.23184082115378,6.33401191855046,4
6.08081984465816,5.84445820225328,4
6.47669647293472,6.74793933049204,4
6.13618426059887,8.53487216685931,4
7.45993028233046,8.6437500544513,4
4.56042726987609,8.11570250411675,4
5.23558109702438,8.3701149442176,4
5.21863649410497,8.11941394453795,4
7.64036911036829,6.73022208573246,4
8.55273604709831,8.01830705360873,4
6.37466093775503,8.46049143027322,4
6.29741393217199,8.40514959577629,4
6.58406259573582,8.92669604576957,4
7.89425396312983,8.34996461664128,4
5.38717623897131,7.9217378490499,4
6.78604277928174,8.78418028597971,4
7.67023715573892,7.46817448890113,4
7.10131300392781,6.44175041852674,4
6.72749793991849,7.30431964326748,4
7.70125531108057,6.60611682623226,4
4.18978607003074,-0.153058944453041,5
4.82657759514138,1.81338591629682,5
4.04909609480005,-1.74141082806187,5
4.63044616443315,-0.0145067374152655,5
2.72766239965546,-1.50287213329574,5
5.25595244884753,0.436358259149962,5
5.00144657043467,1.06426486811676,5
4.01949364271817,-0.504914152417264,5
5.79109480211889,-3.12505662795256,5
6.12508416515187,0.238737776155793,5
3.07092816275723,0.524086262080211,5
4.08473026572054,0.485153705954037,5
4.07702918025524,1.48293863018658,5
3.87211627866936,-1.28526441557886,5
5.9953698103181,0.816259326540539,5
4.76740863347264,1.43100901497357,5
4.68258219042727,-2.13430510080782,5
2.5953651627119,0.383582191102773,5
5.76250163625107,-0.605015797209206,5
3.51288992617583,-0.0978272077219751,5
5.07191915631959,0.417211780246004,5
5.33285232554983,-0.584674276936263,5
6.63279031500638,-0.810849694993934,5
3.42941552105707,0.0409829009856295,5
1.37658541301501,-1.30469512663536,5
5.22061945370443,-1.30299015466222,5
7.16061341781303,0.815247939547804,5
6.48673562352733,-1.37855284219039,5
5.25159129832955,0.799575001091054,5
4.41003657724154,0.555109551424741,5
5.96854711596477,-2.07096807454872,5
3.83174456035464,-0.813077582802786,5
5.57162932322746,1.43293128365685,5
5.60656419099995,-1.17739863736762,5
6.27225188899866,-0.557285114771265,5
8.31159204669329,0.554473071902276,5
5.47089916061452,0.940068611139115,5
4.389243649151,-0.301846663253395,5
4.96931082536961,-0.71701223362997,5
2.87710891413306,1.70684383403821,5
4.16634424269313,2.08667959655709,5
4.50886107426428,1.17462966093815,5
4.37109392247849,0.102381771078029,5
5.18282584644047,-0.969918865969112,5
4.01309608114136,-0.996533287867878,5
6.34523680078937,0.627016926318909,5
5.00024847790184,0.50207786506642,5
4.98883961463366,1.68191831153572,5
4.6065263401845,0.780540111043367,5
5.18622882063078,-1.80369636211178,5
5.99011791760116,1.2623371412675,5
3.95944374114692,-1.1976727527773,5
4.21026021310969,-0.460765526342822,5
4.635528765468,0.300240247502033,5
3.38495489183214,2.39480098774076,5
4.0168905683342,3.73190226720643,5
4.42853495174641,0.728067670963419,5
6.04926701685527,-0.219835942464465,5
5.31507359480231,0.64140677817666,5
5.23230789364105,1.0651865110486,5
6.02107755460157,-0.38480115066863,5
4.83515385392072,2.15425362709479,5
5.46855781991467,0.276084911029682,5
4.876133896481,0.597291706909673,5
5.31843481927955,0.799109102465354,5
4.3006896108661,0.505903932737347,5
2.07341941006828,1.00672860056353,5
4.83886500537643,-0.740703823856308,5
6.70729776331993,-0.669962104735237,5
6.11145848268991,-1.32018507956603,5
6.15847698150941,0.527401476744272,5
6.48335686616746,0.934723804214537,5
5.10638910915373,0.549327439382263,5
5.23677884888672,2.00939092001704,5
4.25881772547878,-0.00671522259485587,5
4.62071257276754,0.802489986711015,5
5.73892537972537,-1.31004105136718,5
6.44466132460258,-0.464519642969281,5
4.8326644691828,0.834645309078933,5
4.45977288217831,1.01892253289177,5
5.00063355062792,-0.352760337197019,5
5.72144809871494,-0.0859191022296802,5
3.26737422063975,-1.82144849601697,5
2.24458285623531,-0.428435040967931,5
4.3393557806101,1.06845979622374,5
3.53514508890301,0.69024601932788,5
4.39023176282323,0.600798865657452,5
4.82266361741903,0.0597284246171521,5
4.45610190917238,0.00847579035381174,5
6.7429610413649,-0.792385367368136,5
5.39209371752278,0.838594104243042,5
5.36056923153299,0.505167533267268,5
5.74664857285208,0.590422617591359,5
3.63340025866308,-0.631241811201096,5
6.24693414490432,-2.58401150384549,5
4.90908285615745,1.31658325410443,5
5.80457674068946,-0.574604947210085,5
3.71377132035181,-1.03533091685174,5
3.13548948078072,0.832174694296792,5
5.98146758963003,-0.470415167902956,5
5.45169143131702,1.27192366085595,5
3.91753813477099,0.740407139492037,5
3.95640430247037,0.820283187840573,5
6.35052174129772,-1.63914685344064,5
3.57270572855921,1.45433278246368,5
6.97120754390716,0.313500637480627,5
3.91925511842256,-0.443132567095444,5
5.76607031073006,0.172066160810701,5
4.60565782910122,-2.13148227947798,5
5.72382491729881,0.490383373776805,5
4.34706319746297,-1.23524580981849,5
4.80464851271325,-1.62320434301224,5
5.04910301047487,-1.82683102346147,5
3.79737505306223,1.33522604998791,5
5.88898921450415,-0.755116072431346,5
4.3841437202341,1.8404732518998,5
4.72568010159198,-0.642961755662757,5
3.80678075046979,-2.04882954911154,5
1.92519960944563,-1.33982932793839,5
4.7707666848798,1.48297394400833,5
7.8951385059355,-0.187077813524001,5
5.94152514547763,-0.657944755788721,5
4.97688754431873,0.192021871023345,5
4.68453100495008,0.602139283401054,5
5.02695907137446,1.34087857908295,5
5.65654293821025,1.73819907587151,5
3.58302462162939,-0.431722374946903,5
6.33718603360265,-1.59125722329845,5
5.85845757852949,-0.496158193347931,5
5.86182287084952,0.312336607899463,5
5.52617088657167,-1.15651071145273,5
5.02353998923279,-1.14858109787405,5
5.80743348316018,0.412545457859862,5
5.71017696048965,-0.0583828218845414,5
4.57515114687077,0.0393563944939038,5
4.31167787252372,-0.910194401640083,5
5.12222755431438,-0.276480857046921,5
6.85882418179422,-1.10907977312197,5
3.51307150921532,1.06823809334974,5
3.23896968109707,1.2422992016685,5
5.19771300948382,-2.21542543468571,5
5.06106524222722,-1.11541303223089,5
5.20800999724449,-1.79583510610809,5
5.2927438374902,-0.780028721288278,5
4.73215729443823,-0.100125563748433,5
6.7878361263225,-1.73957426363824,5
3.07891522582818,-1.10623177575038,5
4.00580357026371,-1.2047488464978,5
4.87609428782114,0.248720795278733,5
3.028173426615,0.0832132044435005,5
4.78897471468151,-0.866085064004704,5
6.99376419887362,0.212185046567278,5
5.02506378595515,-0.656016101504718,5
5.27684108686242,-0.325986132391264,5
3.4878022817929,2.00814250835824,5
4.26036631035263,1.60855326214842,5
4.54976434361128,-1.55949748431312,5
4.61874188389252,0.995678901455009,5
6.53797255400452,0.97367586538991,5
5.66922927287015,-1.37791594650314,5
3.66625045167556,0.982533172505833,5
5.29580573411841,1.84551830209506,5
5.59786609819614,-1.3470537674933,5
6.36817884622552,-1.10100338521712,5
6.89664882388205,1.2211937602122,5
3.78188696980656,0.325794372990778,5
4.02697098654759,0.661771530287428,5
3.49090656930246,0.408707059680596,5
4.71917616907162,0.468835105113773,5
5.5596300493356,-1.5917665539733,5
6.18480141990692,1.25678124794574,5
4.90885877162897,1.40350799091333,5
4.61618297209419,-0.275268892881633,5
5.18210959069849,-0.0521723397766349,5
3.99782851804397,-1.83732900306687,5
7.50744646603373,0.617105707221402,5
3.07080676745833,0.686468930056973,5
5.22168869467487,-0.0746292203991732,5
7.42832746307557,1.3492240318446,5
5.008159813472,-0.400892677175929,5
4.77195315799821,0.67752711107232,5
4.57106549262749,-1.22359720643054,5
4.78352998188511,-0.0282625810490857,5
6.64741816961184,-0.209225109483403,5
2.34576570640459,0.27036950644913,5
6.84012044155559,-0.44343231460003,5
3.29125141705983,-0.157767114806001,5
4.6800172049187,0.991256605729808,5
4.48490669564161,-0.524117084685861,5
5.70626392372486,-1.92789252088642,5
3.0822507777395,2.0995006850465,5
5.55460719929833,1.65774489442858,5
7.42917154794422,-1.55071523412674,5
3.36419119448863,0.827649366294233,5
5.22764740113248,-0.603569724661612,5
4.20562138664407,0.316184658397271,5
5.51106464743164,0.353068954816192,5
5.0229773328989,-0.281289360379586,5
4.23021570914683,-0.940518798703676,5
5.58544674184529,-0.828649262779511,5
7.16521773174409,-1.09943029857749,5
4.77091544992724,-0.998186649876534,5
5.86370953057782,-0.0806139480592263,5
3.4480724505546,-0.858911986932902,5
3.85227634781839,0.818462478855144,5
5.56688753345645,1.78469538640311,5
6.78093923424316,-0.696063889644052,5
5.42673601854279,0.287285400642452,5
4.62433036337221,0.599622132363521,5
4.99914968650803,0.566402725103129,5
3.49951071923634,0.0911463214993049,5
5.72541839162644,0.891218902031667,5
6.05879967478809,0.578698743216789,5
4.4574916006003,-1.48519490679276,5
4.4359494226886,1.04298727726713,5
5.31905387558246,1.06474900472009,5
4.47593631675129,-0.915943325014298,5
4.92064086244901,0.0455254025371224,5
7.51966614699982,0.819994791373283,5
4.7035691591048,-0.251176583495234,5
4.56999181757453,1.28757365731921,5
4.22294983323781,2.83664699354323,5
5.89303036579992,-0.943183239161979,5
4.78253099213828,-1.65725352378453,5
4.22075235401429,0.364582314725851,5
6.58556483872761,0.865875006151372,5
6.70352360541637,-0.277039648613723,5
4.27949172111355,1.74391279598524,5
2.76015205836726,-1.6063269596679,5
6.20901642780431,0.831502347637933,5
4.178444209088,-0.727032984910672,5
5.94875071899532,2.06325348744876,5
2.6358754187458,2.39101842380174,5
6.07111680595917,-0.919987905340017,5
3.54659368486306,-0.659468563090296,5
5.87691694287983,1.03150546437576,5
5.01712768140372,-0.464556779747417,5
3.85527269672403,-0.0544934615186859,5
4.51155642448786,0.0304661046508922,5
5.82358214834804,-2.30360778743719,5
5.12707334373828,-0.0166052953130847,5
5.70129557656698,-0.827673328877009,5
7.37172870141858,-0.591747386879726,5
3.12291006594674,1.73235840416258,5
6.94065508996235,-1.50780827313511,5
5.12522712502786,0.975846224097573,5
3.92145914201225,-0.33475551639817,5
3.40362364911321,-0.335712202195001,5
4.77305553106756,0.948446275262053,5
6.10598013430935,0.408061553482669,5
10.6847355966634,10.1065708379786,6
11.1618215926394,9.88762367025783,6
9.60242994018001,7.4410333170582,6
9.2653159185907,7.81899474611997,6
8.69781936813064,7.91126292126993,6
9.00950736402525,7.45800862860845,6
13.5389133103705,8.23402998083375,6
11.4936154968841,7.09006151733489,6
8.37871076055037,6.64326159807497,6
8.41305045190772,8.74725346868032,6
10.5782392740622,8.75543550106617,6
10.6567177568536,7.03482108840801,6
10.6586606023808,9.07442651691512,6
9.69405304773556,7.2421067250016,6
9.84945488799652,8.30379828564558,6
10.3934554289912,8.98441281513495,6
10.103071607552,7.95966492235554,6
7.33683955270296,8.54568909456936,6
9.72424044330977,7.38028442733491,6
8.97831227888762,7.76424009988628,6
10.2102537026902,7.75296868294359,6
13.5823108031241,7.10410598415171,6
10.4409779985692,7.78787100426106,6
9.62376437659312,6.1416580413635,6
11.1061618023727,7.41061550342947,6
10.5792254646511,7.6581494079564,6
10.5041133885422,7.69258429700554,6
10.7282207118588,7.71020306495507,6
12.4678522777955,7.92588296016785,6
8.6429338776089,8.57532982170328,6
10.5683584921737,9.04942048895903,6
8.88834264402215,7.22028172778208,6
10.6666151756107,6.55615897353303,6
8.89757618621669,6.74954670530828,6
9.4991598236739,7.41535649456609,6
9.64589210291451,7.57769441862019,6
11.1709800632137,7.07600472056305,6
11.1021453327309,6.44466000290013,6
8.50513914826434,7.45265500703097,6
10.0659209331998,8.21771194413677,6
9.14850417430099,8.71403535900268,6
8.4897941071896,7.33109233627001,6
9.73957953949076,7.50440261342788,6
9.62982065385302,6.88796202938323,6
12.9120597836146,7.96227299555027,6
10.5195517904328,6.98188563897102,6
8.34685899909492,8.68775337588944,6
9.32227119499487,5.85696020967907,6
11.2256599545153,7.56844439305705,6
12.5061313274439,8.36132880703009,6
8.09682002531445,8.22060141958701,6
7.74409073783315,11.2316403967766,6
12.2451582104461,8.41976002948149,6
10.4675370128451,6.79513448378959,6
8.95804872174836,7.88544290349311,6
10.6415549033469,5.86850439984026,6
6.83710271317975,7.90328030084389,6
10.0040506079166,7.00033273159909,6
10.3933854074117,9.09846833067219,6
11.1091241674454,7.34055167048536,6
8.78332485724896,7.8598809010457,6
10.102824593684,7.23733059031472,6
8.8894904487285,10.086621622224,6
10.3064605068092,7.61450868065851,6
8.92558441316437,10.199068452175,6
9.51027899300774,8.97698211454192,6
8.80502152625173,8.57848007280246,6
10.7813634901884,8.44247977678102,6
11.030141339988,8.4725567578595,6
9.7184553160511,5.68679290478527,6
10.045885593952,7.66533992701909,6
8.26169030243975,9.01418956542119,6
9.64038802239186,7.94132337983107,6
9.93975445954991,6.31377218383571,6
13.144951709236,7.93711465930704,6
8.665639569071,10.0449266195066,6
11.7570126865029,9.49627005864166,6
11.196230528159,7.92559518876076,6
10.3367636853882,9.1417391324697,6
12.1103445810342,7.56019157555834,6
10.4465265671282,5.95535409580794,6
10.4669910348015,6.89064081424453,6
9.93625521637895,9.87546652220984,6
11.4682826589024,7.67120830180484,6
11.3157630805731,7.70793922474998,6
9.24918725500454,7.64019416447014,6
8.41690336648148,10.2849639074876,6
9.75642323512521,9.95115069843448,6
9.03995372272282,10.6625362801378,6
9.92377051046157,7.80914574751994,6
11.484925761621,8.35474938649652,6
9.45123801389585,6.18002894069505,6
9.94861194242611,9.77232131134193,6
10.0696272817701,6.59866453847848,6
11.0181170586463,8.26013067651516,6
7.30373279921847,6.68323696684059,6
9.27195964628164,7.29335980791357,6
10.2535404307354,6.99528508274036,6
11.4400947477122,7.27054968718902,6
9.40971706299255,7.35305275622123,6
7.74813675274975,7.34207744608991,6
10.7436537351594,9.00000069413637,6
9.23756513340924,6.67416464832498,6
8.57240000909157,8.26464971241664,6
9.25078553234413,9.46155098276667,6
9.77856957081298,7.38416436258393,6
9.27430640255414,7.13849733110288,6
7.35332073148112,7.7233704497837,6
11.0764794362646,9.41567025003285,6
11.5298500495345,8.23292915714403,6
10.7818263896074,7.36254284647088,6
8.63477719549022,8.58065198142565,6
9.75821015926298,6.67724942019629,6
9.99217442172465,8.81763141253154,6
10.7185532674743,8.49032876924212,6
10.8020085864617,7.63062983463334,6
9.11899144146581,6.99369704186332,6
10.0983946676963,6.93598289325985,6
10.5487364855383,8.64178080361509,6
11.7469867865761,9.47477660298688,6
10.8454078477897,7.23523070356545,6
10.9468680248506,8.55006404426178,6
10.1005919535152,5.49556757767752,6
11.6925509742442,7.29845872321136,6
10.4917153551514,7.96272928055492,6
8.96669450779172,6.9083798996218,6
11.6840439641502,6.87619235025248,6
10.8374839270468,7.19866453223734,6
9.46834717464582,8.35063127399165,6
9.42460843912091,7.77520517791235,6
10.3558906541689,5.31412252001003,6
10.5558217543211,5.45515981683792,6
10.2367507187574,7.27176178657139,6
10.3735704081315,8.54922390326426,6
12.0399488494917,4.70299418872972,6
11.2858517826819,7.40032378861804,6
10.228762709518,7.36850257217909,6
11.129572696921,9.66600533385014,6
8.76097131576695,7.53797382594456,6
10.4775124599362,8.45958678168912,6
12.1711676196797,8.16950856810496,6
9.73834492552915,5.44332022423136,6
8.9828392856571,8.92184865995809,6
9.21749333368833,8.25847580654755,6
8.69244035518913,8.60992236760951,6
9.05828571024676,12.7114852477236,6
9.55539028169197,5.49906447260169,6
8.31331957698563,10.0696359797133,6
10.0187420007395,7.65506297671957,6
11.082732608544,8.34479468528361,6
8.9106925838237,7.94538530563851,6
11.8231407083701,7.49091639992235,6
10.6129505062331,7.31620048611349,6
11.2366967027489,8.39541048268761,6
9.21059853537744,6.17939156399399,6
11.0254302724799,8.90069500102612,6
8.68967931952562,7.5005667141377,6
11.0682970010038,6.64391679315157,6
10.2062072077522,7.45998457040502,6
10.6639014639817,9.50857906023509,6
8.58928647325018,7.35759789558053,6
8.92591618926807,8.43014434185155,6
10.7166738619041,7.12285246914143,6
8.86198239493096,8.90950621990834,6
10.5558475505189,8.82260928654824,6
8.35943463224771,10.2183305999557,6
11.0178090552,7.78932326540094,6
8.52097202227779,8.80238576570949,6
10.6627599252154,8.11768104744673,6
10.7507571203752,9.55504613823562,6
9.16387381788451,7.13740113486952,6
10.6984318805017,8.89400637545274,6
10.3125307160003,7.76636324465998,6
9.35338977256872,7.9229741874698,6
8.78973437910855,8.11010298133805,6
7.64484916999291,8.30268847571201,6
10.4195800567596,7.86052514825365,6
8.12223667436553,8.25765581980463,6
10.1144130393296,9.89374166907462,6
9.6838621407013,9.18253962273826,6
10.8149713305258,9.04298551099628,6
9.63754540061216,7.45335256877136,6
9.60466265638349,6.93291100612601,6
10.878244845146,9.1463606698853,6
10.4020696349009,9.05125615103575,6
10.3793871486193,9.76720481090118,6
10.5631211077702,7.27522324883693,6
8.15731345215147,7.72454161356758,6
10.9081464159844,6.03261900496948,6
10.7349625528163,7.52903467272695,6
8.7799802457082,9.19588461269534,6
9.70710343159096,7.44020554492616,6
9.95283125484684,8.76857575424099,6
9.83860385871792,7.77139627280263,6
10.4006319598822,8.38886843386587,6
11.7176401381974,6.6227703322212,6
11.2981200732074,8.10225133956068,6
8.42533696788231,4.41063683491913,6
10.7464839883673,7.77572461020562,6
11.5947199834425,6.04343210754183,6
10.464170224827,9.44719341985618,6
11.3091765102232,8.93288882331741,6
12.4147245348409,8.5600051783593,6
11.2284514553284,9.82520747259126,6
10.2991703147701,6.8613001750102,6
11.2541061689017,10.0968358374987,6
10.1738653997163,9.11862987711246,6
10.0286836519419,7.71613365533726,6
9.57830291714352,9.36274417661953,6
11.8760960305985,6.67244778510604,6
9.0178856008696,7.01058300616679,6
11.8388412696137,7.26969233211236,6
10.5998369484884,7.36522675032318,6
8.32083259023767,6.7321308286877,6
10.4411791515897,9.46769968051439,6
7.47996819081805,7.6893747195562,6
10.7506096201972,8.42300596202826,6
11.0622777795868,7.31557836030358,6
9.28917285321754,5.81527603934178,6
10.1482572351467,8.32406883006971,6
12.3449889205003,5.70529402949627,6
9.39310395488568,7.91763914469744,6
8.72931089553208,6.35802195340063,6
11.7779960829551,10.384731199077,6
12.355104628637,9.09363526660967,6
10.0044348062174,8.12690454952578,6
11.21375564249,9.5164480131856,6
11.6097710986371,6.98442082704112,6
9.10901892095394,8.65217525440411,6
9.41763299755856,8.23977252046246,6
11.4770494157857,8.3168240976004,6
12.0220171344502,9.52682420012812,6
10.6754570322092,8.87899052333576,6
8.94422277579753,8.34646839539003,6
12.3844733340393,6.01413507652604,6
9.36283492262564,6.84794444566464,6
9.59783466259426,7.85274927968513,6
10.4108054013875,8.11204684913198,6
11.8649925048577,6.64375553039129,6
11.0247711718627,10.8940120106941,6
10.4978386004343,9.81967286630429,6
10.5559462361417,8.72254198447098,6
10.0522176023722,8.08644423354049,6
10.6697674174222,7.74534923611862,6
6.96452790676684,6.85769784797332,6
9.64407104911624,8.09297662222263,6
10.2895863219001,8.3093030481713,6
8.61878309965659,6.50988730942205,6
10.4635879813739,8.40101170069388,6
9.75463453481665,7.8136891414103,6
